CREATE TABLE IF NOT EXISTS `customers` (
  `id` int(11) NOT NULL AUTO_INCREMENT,
  `customer_company` varchar(255) DEFAULT NULL,
  `tantou` varchar(255) DEFAULT NULL,
  `phone` int(11) NOT NULL,
  `address` varchar(255) DEFAULT NULL,
  `boss` varchar(255) DEFAULT NULL,
  `category` varchar(255) DEFAULT NULL,
  `subcat` varchar(255) DEFAULT NULL,
  `date` date DEFAULT NULL,
  PRIMARY KEY (`id`),
  KEY `phone_index` (`phone`)
) ENGINE=InnoDB AUTO_INCREMENT=22 DEFAULT CHARSET=utf8;

CREATE TABLE IF NOT EXISTS `delivery` (
  `id` int(11) NOT NULL AUTO_INCREMENT,
  `track_id` int(11) NOT NULL,
  `product_id` int(11) NOT NULL,
  `no` int(11) NOT NULL,
  `discount` decimal(12,2) DEFAULT NULL,
  `customer_id` int(11) NOT NULL,
  `truck_id` int(11) NOT NULL,
  `deli_date` datetime DEFAULT NULL,
  PRIMARY KEY (`id`),
  KEY `track_id_index` (`track_id`),
  KEY `product_id_index` (`product_id`),
  KEY `no_index` (`no`),
  KEY `customer_id_index` (`customer_id`),
  KEY `truck_id_index` (`truck_id`),
  CONSTRAINT `customer_id` FOREIGN KEY (`customer_id`) REFERENCES `customers` (`id`) ON UPDATE CASCADE,
  CONSTRAINT `product_id` FOREIGN KEY (`product_id`) REFERENCES `products` (`pid`) ON UPDATE CASCADE,
  CONSTRAINT `truck_id` FOREIGN KEY (`truck_id`) REFERENCES `trucks` (`id`) ON UPDATE CASCADE
) ENGINE=InnoDB AUTO_INCREMENT=219 DEFAULT CHARSET=utf8;

CREATE TABLE IF NOT EXISTS `products` (
  `pid` int(11) NOT NULL AUTO_INCREMENT,
  `id` varchar(45) NOT NULL,
  `product_name` varchar(255) DEFAULT NULL,
  `stock` int(11) NOT NULL,
  `Price` varchar(255) DEFAULT NULL,
  `Weight` varchar(255) DEFAULT NULL,
  `AM03003` varchar(12) DEFAULT NULL,
  `factory` varchar(12) DEFAULT NULL,
  PRIMARY KEY (`pid`),
  KEY `stock_index` (`stock`)
) ENGINE=InnoDB AUTO_INCREMENT=1177 DEFAULT CHARSET=utf8;

CREATE TABLE IF NOT EXISTS `taku` (
  `商品番号` varchar(12) NOT NULL,
  `商品名` varchar(45) NOT NULL,
  `在庫` int(11) DEFAULT NULL,
  `注残` int(11) DEFAULT NULL,
  `余数` int(11) DEFAULT NULL,
  `区分` int(11) DEFAULT NULL,
  `AM03003` varchar(12) DEFAULT NULL,
  PRIMARY KEY (`商品番号`),
  KEY `AM03003_index` (`AM03003`)
) ENGINE=InnoDB DEFAULT CHARSET=utf8;

CREATE TABLE IF NOT EXISTS `truck_company` (
  `id` int(11) NOT NULL AUTO_INCREMENT,
  `truck_company` varchar(25) DEFAULT NULL,
  `no_of_trucks` int(11) NOT NULL,
  `boss` varchar(25) DEFAULT NULL,
  `phone` bigint(20) NOT NULL,
  `address` varchar(25) DEFAULT NULL,
  `date` date DEFAULT NULL,
  PRIMARY KEY (`id`),
  KEY `no_of_trucks_index` (`no_of_trucks`),
  KEY `phone_index` (`phone`)
) ENGINE=InnoDB AUTO_INCREMENT=4 DEFAULT CHARSET=utf8;

CREATE TABLE IF NOT EXISTS `trucks` (
  `id` int(11) NOT NULL AUTO_INCREMENT,
  `truck_company_id` int(11) NOT NULL,
  `type` varchar(12) DEFAULT NULL,
  `capacity` int(11) NOT NULL,
  `fee` int(11) NOT NULL,
  PRIMARY KEY (`id`),
  KEY `truck_company_id_index` (`truck_company_id`),
  KEY `capacity_index` (`capacity`),
  KEY `fee_index` (`fee`)
) ENGINE=InnoDB AUTO_INCREMENT=15 DEFAULT CHARSET=utf8;

CREATE TABLE IF NOT EXISTS `user_data` (
  `id` int(4) NOT NULL AUTO_INCREMENT,
  `name` varchar(64) NOT NULL,
  `email` varchar(64) NOT NULL,
  `password` varchar(32) NOT NULL,
  PRIMARY KEY (`id`)
) ENGINE=InnoDB AUTO_INCREMENT=3 DEFAULT CHARSET=utf8;

CREATE TABLE IF NOT EXISTS `users` (
  `email` varchar(255) NOT NULL,
  `created_at` timestamp NOT NULL DEFAULT CURRENT_TIMESTAMP,
  PRIMARY KEY (`email`)
) ENGINE=InnoDB DEFAULT CHARSET=latin1;

INSERT INTO `customers` (`id`,`customer_company`,`tantou`,`phone`,`address`,`boss`,`category`,`subcat`,`date`) VALUES (1,'Stokes, Gerhold and Hills','Linnie',360557,'Kentucky','Morissette',NULL,NULL,'2017-04-30 00:00:00.000');
INSERT INTO `customers` (`id`,`customer_company`,`tantou`,`phone`,`address`,`boss`,`category`,`subcat`,`date`) VALUES (2,'Klocko Group','Arnaldo',484216,'Rhode Island','Mills',NULL,NULL,'2017-06-16 00:00:00.000');
INSERT INTO `customers` (`id`,`customer_company`,`tantou`,`phone`,`address`,`boss`,`category`,`subcat`,`date`) VALUES (3,'Treutel, Turcotte and Jaskolski','Lora',0,'Georgia','Kautzer',NULL,NULL,'2018-01-04 00:00:00.000');
INSERT INTO `customers` (`id`,`customer_company`,`tantou`,`phone`,`address`,`boss`,`category`,`subcat`,`date`) VALUES (4,'Cruickshank - Roob','Cornell',1,'California','Beier',NULL,NULL,'2017-10-16 00:00:00.000');
INSERT INTO `customers` (`id`,`customer_company`,`tantou`,`phone`,`address`,`boss`,`category`,`subcat`,`date`) VALUES (5,'Hodkiewicz, O\'Hara and Sanford','David',155525,'Pennsylvania','Terry',NULL,NULL,'2017-10-21 00:00:00.000');
INSERT INTO `customers` (`id`,`customer_company`,`tantou`,`phone`,`address`,`boss`,`category`,`subcat`,`date`) VALUES (6,'Wilderman, Berge and Stamm','Cornell',368,'Oregon','Leffler',NULL,NULL,'2018-01-08 00:00:00.000');
INSERT INTO `customers` (`id`,`customer_company`,`tantou`,`phone`,`address`,`boss`,`category`,`subcat`,`date`) VALUES (7,'Jakubowski, Morissette and Mayert','Rebeca',519,'Rhode Island','Robel',NULL,NULL,'2017-10-31 00:00:00.000');
INSERT INTO `customers` (`id`,`customer_company`,`tantou`,`phone`,`address`,`boss`,`category`,`subcat`,`date`) VALUES (8,'Ferry LLC','Pierce',0,'New York','Gutmann',NULL,NULL,'2017-04-20 00:00:00.000');
INSERT INTO `customers` (`id`,`customer_company`,`tantou`,`phone`,`address`,`boss`,`category`,`subcat`,`date`) VALUES (9,'Schinner Inc','Bud',0,'North Dakota','Yundt',NULL,NULL,'2017-08-25 00:00:00.000');
INSERT INTO `customers` (`id`,`customer_company`,`tantou`,`phone`,`address`,`boss`,`category`,`subcat`,`date`) VALUES (10,'Murazik and Sons','Kade',1,'South Dakota','Nitzsche',NULL,NULL,'2017-10-06 00:00:00.000');
INSERT INTO `customers` (`id`,`customer_company`,`tantou`,`phone`,`address`,`boss`,`category`,`subcat`,`date`) VALUES (11,'Nikolaus, Rosenbaum and Rice','Gus',0,'Nebraska','Maggio',NULL,NULL,'2017-04-12 00:00:00.000');
INSERT INTO `customers` (`id`,`customer_company`,`tantou`,`phone`,`address`,`boss`,`category`,`subcat`,`date`) VALUES (12,'Kertzmann - Tillman','Amir',1,'Nevada','Medhurst',NULL,NULL,'2017-08-09 00:00:00.000');
INSERT INTO `customers` (`id`,`customer_company`,`tantou`,`phone`,`address`,`boss`,`category`,`subcat`,`date`) VALUES (13,'Sawayn - Legros','Kody',0,'Hawaii','Hammes',NULL,NULL,'2017-03-07 00:00:00.000');
INSERT INTO `customers` (`id`,`customer_company`,`tantou`,`phone`,`address`,`boss`,`category`,`subcat`,`date`) VALUES (14,'Hayes and Sons','Nickolas',1,'Michigan','Breitenberg',NULL,NULL,'2017-03-09 00:00:00.000');
INSERT INTO `customers` (`id`,`customer_company`,`tantou`,`phone`,`address`,`boss`,`category`,`subcat`,`date`) VALUES (15,'Spinka - Aufderhar','Rita',938,'Wisconsin','Klein',NULL,NULL,'2017-09-15 00:00:00.000');
INSERT INTO `customers` (`id`,`customer_company`,`tantou`,`phone`,`address`,`boss`,`category`,`subcat`,`date`) VALUES (16,'McLaughlin, Collins and Hane','Winona',332903,'Arkansas','Murazik',NULL,NULL,'2017-07-29 00:00:00.000');
INSERT INTO `customers` (`id`,`customer_company`,`tantou`,`phone`,`address`,`boss`,`category`,`subcat`,`date`) VALUES (17,'Kling - Kirlin','Rowena',93252,'Kentucky','McCullough',NULL,NULL,'2017-09-07 00:00:00.000');
INSERT INTO `customers` (`id`,`customer_company`,`tantou`,`phone`,`address`,`boss`,`category`,`subcat`,`date`) VALUES (18,'Parisian, Cormier and Christiansen','Wilfredo',0,'Georgia','Oberbrunner',NULL,NULL,'2017-04-11 00:00:00.000');
INSERT INTO `customers` (`id`,`customer_company`,`tantou`,`phone`,`address`,`boss`,`category`,`subcat`,`date`) VALUES (19,'Turcotte Inc','Tressie',835749,'Colorado','Moore',NULL,NULL,'2017-12-03 00:00:00.000');
INSERT INTO `customers` (`id`,`customer_company`,`tantou`,`phone`,`address`,`boss`,`category`,`subcat`,`date`) VALUES (20,'Parker, Wuckert and Glover','Mittie',342796,'Virginia','Kuhn',NULL,NULL,'2017-11-28 00:00:00.000');
INSERT INTO `customers` (`id`,`customer_company`,`tantou`,`phone`,`address`,`boss`,`category`,`subcat`,`date`) VALUES (21,'Robel LLC','Jerad',0,'Illinois','Kunze',NULL,NULL,'2017-12-04 00:00:00.000');

INSERT INTO `delivery` (`id`,`track_id`,`product_id`,`no`,`discount`,`customer_id`,`truck_id`,`deli_date`) VALUES (188,0,1054,39,0.97,18,5,'2017-11-17 18:50:13.000');
INSERT INTO `delivery` (`id`,`track_id`,`product_id`,`no`,`discount`,`customer_id`,`truck_id`,`deli_date`) VALUES (189,0,138,9,0.9,11,3,'2017-03-08 05:35:15.000');
INSERT INTO `delivery` (`id`,`track_id`,`product_id`,`no`,`discount`,`customer_id`,`truck_id`,`deli_date`) VALUES (190,0,1145,87,0.85,8,11,'2017-08-12 12:12:29.000');
INSERT INTO `delivery` (`id`,`track_id`,`product_id`,`no`,`discount`,`customer_id`,`truck_id`,`deli_date`) VALUES (191,0,732,74,1,5,7,'2017-11-03 16:29:16.000');
INSERT INTO `delivery` (`id`,`track_id`,`product_id`,`no`,`discount`,`customer_id`,`truck_id`,`deli_date`) VALUES (192,0,271,33,0.76,20,10,'2017-09-13 19:59:02.000');
INSERT INTO `delivery` (`id`,`track_id`,`product_id`,`no`,`discount`,`customer_id`,`truck_id`,`deli_date`) VALUES (193,0,532,44,0.86,10,10,'2018-02-18 14:28:39.000');
INSERT INTO `delivery` (`id`,`track_id`,`product_id`,`no`,`discount`,`customer_id`,`truck_id`,`deli_date`) VALUES (194,0,837,56,0.92,6,13,'2017-03-06 15:07:40.000');
INSERT INTO `delivery` (`id`,`track_id`,`product_id`,`no`,`discount`,`customer_id`,`truck_id`,`deli_date`) VALUES (195,0,1042,93,0.84,13,12,'2017-03-21 11:34:09.000');
INSERT INTO `delivery` (`id`,`track_id`,`product_id`,`no`,`discount`,`customer_id`,`truck_id`,`deli_date`) VALUES (196,0,457,26,0.76,15,11,'2017-10-22 11:33:15.000');
INSERT INTO `delivery` (`id`,`track_id`,`product_id`,`no`,`discount`,`customer_id`,`truck_id`,`deli_date`) VALUES (197,0,67,66,0.85,13,14,'2017-10-27 23:27:31.000');
INSERT INTO `delivery` (`id`,`track_id`,`product_id`,`no`,`discount`,`customer_id`,`truck_id`,`deli_date`) VALUES (198,0,704,37,0.75,5,4,'2017-06-09 14:32:14.000');
INSERT INTO `delivery` (`id`,`track_id`,`product_id`,`no`,`discount`,`customer_id`,`truck_id`,`deli_date`) VALUES (199,0,529,99,0.7,17,11,'2017-05-23 23:41:03.000');
INSERT INTO `delivery` (`id`,`track_id`,`product_id`,`no`,`discount`,`customer_id`,`truck_id`,`deli_date`) VALUES (200,0,638,57,0.98,19,9,'2017-12-11 17:38:25.000');
INSERT INTO `delivery` (`id`,`track_id`,`product_id`,`no`,`discount`,`customer_id`,`truck_id`,`deli_date`) VALUES (201,0,969,2,0.9,11,13,'2017-09-28 18:48:18.000');
INSERT INTO `delivery` (`id`,`track_id`,`product_id`,`no`,`discount`,`customer_id`,`truck_id`,`deli_date`) VALUES (202,0,654,90,0.82,5,6,'2017-04-09 15:20:59.000');
INSERT INTO `delivery` (`id`,`track_id`,`product_id`,`no`,`discount`,`customer_id`,`truck_id`,`deli_date`) VALUES (203,0,682,92,0.9,9,6,'2017-06-11 23:48:13.000');
INSERT INTO `delivery` (`id`,`track_id`,`product_id`,`no`,`discount`,`customer_id`,`truck_id`,`deli_date`) VALUES (204,0,73,1,0.91,4,11,'2017-03-23 23:33:23.000');
INSERT INTO `delivery` (`id`,`track_id`,`product_id`,`no`,`discount`,`customer_id`,`truck_id`,`deli_date`) VALUES (205,0,105,56,0.77,10,14,'2017-10-26 17:00:05.000');
INSERT INTO `delivery` (`id`,`track_id`,`product_id`,`no`,`discount`,`customer_id`,`truck_id`,`deli_date`) VALUES (206,0,416,28,0.9,15,9,'2017-07-07 00:29:02.000');
INSERT INTO `delivery` (`id`,`track_id`,`product_id`,`no`,`discount`,`customer_id`,`truck_id`,`deli_date`) VALUES (207,0,1036,77,0.84,2,11,'2017-11-09 06:37:01.000');
INSERT INTO `delivery` (`id`,`track_id`,`product_id`,`no`,`discount`,`customer_id`,`truck_id`,`deli_date`) VALUES (208,0,741,35,0.94,5,13,'2017-10-13 21:48:42.000');
INSERT INTO `delivery` (`id`,`track_id`,`product_id`,`no`,`discount`,`customer_id`,`truck_id`,`deli_date`) VALUES (209,0,349,98,0.71,4,11,'2017-03-04 21:23:41.000');
INSERT INTO `delivery` (`id`,`track_id`,`product_id`,`no`,`discount`,`customer_id`,`truck_id`,`deli_date`) VALUES (210,0,79,89,0.72,11,12,'2017-11-06 22:09:29.000');
INSERT INTO `delivery` (`id`,`track_id`,`product_id`,`no`,`discount`,`customer_id`,`truck_id`,`deli_date`) VALUES (211,0,915,54,0.92,11,11,'2017-12-10 15:44:37.000');
INSERT INTO `delivery` (`id`,`track_id`,`product_id`,`no`,`discount`,`customer_id`,`truck_id`,`deli_date`) VALUES (212,0,946,69,0.83,17,11,'2017-04-07 09:40:40.000');
INSERT INTO `delivery` (`id`,`track_id`,`product_id`,`no`,`discount`,`customer_id`,`truck_id`,`deli_date`) VALUES (213,0,901,2,0.92,2,13,'2017-11-07 20:03:11.000');
INSERT INTO `delivery` (`id`,`track_id`,`product_id`,`no`,`discount`,`customer_id`,`truck_id`,`deli_date`) VALUES (214,0,401,58,0.79,6,14,'2018-01-30 06:39:56.000');
INSERT INTO `delivery` (`id`,`track_id`,`product_id`,`no`,`discount`,`customer_id`,`truck_id`,`deli_date`) VALUES (215,0,878,47,0.71,19,13,'2017-10-08 18:17:48.000');
INSERT INTO `delivery` (`id`,`track_id`,`product_id`,`no`,`discount`,`customer_id`,`truck_id`,`deli_date`) VALUES (216,0,47,45,0.71,17,6,'2017-06-23 07:28:23.000');
INSERT INTO `delivery` (`id`,`track_id`,`product_id`,`no`,`discount`,`customer_id`,`truck_id`,`deli_date`) VALUES (217,0,552,16,0.99,15,7,'2017-10-10 18:30:46.000');
INSERT INTO `delivery` (`id`,`track_id`,`product_id`,`no`,`discount`,`customer_id`,`truck_id`,`deli_date`) VALUES (218,0,40,39,0.97,3,12,'2017-06-23 05:21:25.000');

INSERT INTO `truck_company` (`id`,`truck_company`,`no_of_trucks`,`boss`,`phone`,`address`,`date`) VALUES (1,'kidera',5,'kidera',4584278632,'saga','2010-02-23 00:00:00.000');
INSERT INTO `truck_company` (`id`,`truck_company`,`no_of_trucks`,`boss`,`phone`,`address`,`date`) VALUES (2,'jiko',4,'baka',453873548,'fukuoka','2009-03-13 00:00:00.000');
INSERT INTO `truck_company` (`id`,`truck_company`,`no_of_trucks`,`boss`,`phone`,`address`,`date`) VALUES (3,'shitty',5,'aho',76534687354,'nagasaki','2006-04-05 00:00:00.000');

INSERT INTO `trucks` (`id`,`truck_company_id`,`type`,`capacity`,`fee`) VALUES (1,1,'minivan',20,700);
INSERT INTO `trucks` (`id`,`truck_company_id`,`type`,`capacity`,`fee`) VALUES (2,1,'minivan',20,700);
INSERT INTO `trucks` (`id`,`truck_company_id`,`type`,`capacity`,`fee`) VALUES (3,1,'hijet',10,600);
INSERT INTO `trucks` (`id`,`truck_company_id`,`type`,`capacity`,`fee`) VALUES (4,1,'hijet',10,600);
INSERT INTO `trucks` (`id`,`truck_company_id`,`type`,`capacity`,`fee`) VALUES (5,1,'ranger',50,750);
INSERT INTO `trucks` (`id`,`truck_company_id`,`type`,`capacity`,`fee`) VALUES (6,2,'ranger',50,780);
INSERT INTO `trucks` (`id`,`truck_company_id`,`type`,`capacity`,`fee`) VALUES (7,2,'hijet',10,590);
INSERT INTO `trucks` (`id`,`truck_company_id`,`type`,`capacity`,`fee`) VALUES (8,2,'hijet',10,590);
INSERT INTO `trucks` (`id`,`truck_company_id`,`type`,`capacity`,`fee`) VALUES (9,2,'minivan',20,720);
INSERT INTO `trucks` (`id`,`truck_company_id`,`type`,`capacity`,`fee`) VALUES (10,3,'minivan',20,800);
INSERT INTO `trucks` (`id`,`truck_company_id`,`type`,`capacity`,`fee`) VALUES (11,3,'minivan',20,800);
INSERT INTO `trucks` (`id`,`truck_company_id`,`type`,`capacity`,`fee`) VALUES (12,3,'hijet',10,650);
INSERT INTO `trucks` (`id`,`truck_company_id`,`type`,`capacity`,`fee`) VALUES (13,3,'ranger',50,900);
INSERT INTO `trucks` (`id`,`truck_company_id`,`type`,`capacity`,`fee`) VALUES (14,3,'ranger',50,900);

INSERT INTO `user_data` (`id`,`name`,`email`,`password`) VALUES (1,'MK','myatkaung24@gmail.com','fuji1211');
INSERT INTO `user_data` (`id`,`name`,`email`,`password`) VALUES (2,'MyatKg','mk@fuji-con.com','fuji1211');

INSERT INTO `users` (`email`,`created_at`) VALUES ('Abagail_Gusikowski94@hotmail.com','2017-08-19 03:10:24.000');
INSERT INTO `users` (`email`,`created_at`) VALUES ('Abagail_Vandervort@gmail.com','2017-11-06 12:34:10.000');
INSERT INTO `users` (`email`,`created_at`) VALUES ('Abdul_Jones17@yahoo.com','2017-12-15 10:43:46.000');
INSERT INTO `users` (`email`,`created_at`) VALUES ('Abel.OHara@yahoo.com','2017-03-30 21:35:24.000');
INSERT INTO `users` (`email`,`created_at`) VALUES ('Abelardo_Rogahn66@gmail.com','2017-06-24 19:33:45.000');
INSERT INTO `users` (`email`,`created_at`) VALUES ('Abraham_Kihn@gmail.com','2017-06-19 05:16:13.000');
INSERT INTO `users` (`email`,`created_at`) VALUES ('Adah56@yahoo.com','2017-04-05 07:30:47.000');
INSERT INTO `users` (`email`,`created_at`) VALUES ('Adele.Beahan73@yahoo.com','2017-07-19 17:32:52.000');
INSERT INTO `users` (`email`,`created_at`) VALUES ('Adele_Stark35@yahoo.com','2017-10-21 18:49:45.000');
INSERT INTO `users` (`email`,`created_at`) VALUES ('Adelia.Zboncak@hotmail.com','2017-07-07 02:10:24.000');
INSERT INTO `users` (`email`,`created_at`) VALUES ('Adelia_Howell81@hotmail.com','2017-06-29 11:32:12.000');
INSERT INTO `users` (`email`,`created_at`) VALUES ('Adell73@yahoo.com','2017-04-17 16:47:07.000');
INSERT INTO `users` (`email`,`created_at`) VALUES ('Adelle_Marvin@yahoo.com','2017-07-05 06:06:30.000');
INSERT INTO `users` (`email`,`created_at`) VALUES ('Adolphus_Luettgen@gmail.com','2017-09-11 22:20:15.000');
INSERT INTO `users` (`email`,`created_at`) VALUES ('Adonis_Bradtke5@gmail.com','2017-04-15 10:14:23.000');
INSERT INTO `users` (`email`,`created_at`) VALUES ('Adrain50@hotmail.com','2018-01-11 14:16:06.000');
INSERT INTO `users` (`email`,`created_at`) VALUES ('Adrienne_Toy0@gmail.com','2018-01-24 00:01:29.000');
INSERT INTO `users` (`email`,`created_at`) VALUES ('Agustin.OConnell@yahoo.com','2017-05-24 14:42:16.000');
INSERT INTO `users` (`email`,`created_at`) VALUES ('Ahmad.Koss@hotmail.com','2017-07-17 13:32:33.000');
INSERT INTO `users` (`email`,`created_at`) VALUES ('Ahmad_Weimann72@gmail.com','2017-11-13 20:14:59.000');
INSERT INTO `users` (`email`,`created_at`) VALUES ('Aileen_Krajcik@yahoo.com','2017-04-02 10:25:10.000');
INSERT INTO `users` (`email`,`created_at`) VALUES ('Aisha.Gulgowski42@yahoo.com','2017-04-25 18:54:41.000');
INSERT INTO `users` (`email`,`created_at`) VALUES ('Aiyana_Littel@yahoo.com','2017-06-25 06:50:35.000');
INSERT INTO `users` (`email`,`created_at`) VALUES ('Akeem_Howe33@gmail.com','2017-03-21 20:14:34.000');
INSERT INTO `users` (`email`,`created_at`) VALUES ('Alayna_Tromp46@yahoo.com','2017-09-14 00:24:57.000');
INSERT INTO `users` (`email`,`created_at`) VALUES ('Albertha_Schulist9@gmail.com','2017-09-07 21:29:04.000');
INSERT INTO `users` (`email`,`created_at`) VALUES ('Alberto.Upton@yahoo.com','2017-04-26 00:03:04.000');
INSERT INTO `users` (`email`,`created_at`) VALUES ('Albin.Wehner@hotmail.com','2017-12-26 23:21:01.000');
INSERT INTO `users` (`email`,`created_at`) VALUES ('Alec_Brekke95@gmail.com','2017-12-10 06:50:27.000');
INSERT INTO `users` (`email`,`created_at`) VALUES ('Aleen_Kunde52@gmail.com','2017-10-30 00:04:08.000');
INSERT INTO `users` (`email`,`created_at`) VALUES ('Alena20@hotmail.com','2017-07-10 05:30:11.000');
INSERT INTO `users` (`email`,`created_at`) VALUES ('Alessandro_Bergstrom@yahoo.com','2017-09-16 01:45:23.000');
INSERT INTO `users` (`email`,`created_at`) VALUES ('Alessandro_Hane@hotmail.com','2017-05-23 20:23:50.000');
INSERT INTO `users` (`email`,`created_at`) VALUES ('Alessandro_Harris93@yahoo.com','2017-05-12 20:05:39.000');
INSERT INTO `users` (`email`,`created_at`) VALUES ('Alexander22@yahoo.com','2017-06-13 10:04:42.000');
INSERT INTO `users` (`email`,`created_at`) VALUES ('Alexander_Marvin48@hotmail.com','2017-02-11 01:36:08.000');
INSERT INTO `users` (`email`,`created_at`) VALUES ('Alexandra.Kshlerin0@gmail.com','2018-01-17 14:45:03.000');
INSERT INTO `users` (`email`,`created_at`) VALUES ('Alexandra_Spencer16@gmail.com','2017-11-09 14:30:35.000');
INSERT INTO `users` (`email`,`created_at`) VALUES ('Alexandre36@yahoo.com','2018-01-17 04:32:38.000');
INSERT INTO `users` (`email`,`created_at`) VALUES ('Alexandrea15@gmail.com','2017-05-18 11:17:06.000');
INSERT INTO `users` (`email`,`created_at`) VALUES ('Alf.McKenzie@yahoo.com','2017-06-17 21:45:49.000');
INSERT INTO `users` (`email`,`created_at`) VALUES ('Alfonso_Kuvalis@yahoo.com','2017-05-03 02:47:06.000');
INSERT INTO `users` (`email`,`created_at`) VALUES ('Alia.Wintheiser62@gmail.com','2017-07-16 11:19:20.000');
INSERT INTO `users` (`email`,`created_at`) VALUES ('Alison_Gislason@gmail.com','2017-04-30 03:10:17.000');
INSERT INTO `users` (`email`,`created_at`) VALUES ('Aliza58@gmail.com','2018-01-13 05:29:19.000');
INSERT INTO `users` (`email`,`created_at`) VALUES ('Allie_Russel@gmail.com','2017-10-05 14:15:47.000');
INSERT INTO `users` (`email`,`created_at`) VALUES ('Alphonso_Satterfield@gmail.com','2018-01-20 12:15:55.000');
INSERT INTO `users` (`email`,`created_at`) VALUES ('Alvah45@yahoo.com','2018-01-23 05:18:28.000');
INSERT INTO `users` (`email`,`created_at`) VALUES ('Alvah_Kovacek99@hotmail.com','2018-01-29 07:23:03.000');
INSERT INTO `users` (`email`,`created_at`) VALUES ('Alvina.Nikolaus@yahoo.com','2017-12-12 21:33:12.000');
INSERT INTO `users` (`email`,`created_at`) VALUES ('Alycia.Mueller25@gmail.com','2017-06-06 14:17:04.000');
INSERT INTO `users` (`email`,`created_at`) VALUES ('Alyson.Kozey@yahoo.com','2017-03-01 15:34:24.000');
INSERT INTO `users` (`email`,`created_at`) VALUES ('Alyson_Luettgen@yahoo.com','2017-11-10 04:04:01.000');
INSERT INTO `users` (`email`,`created_at`) VALUES ('Al_Luettgen95@hotmail.com','2017-02-06 13:35:54.000');
INSERT INTO `users` (`email`,`created_at`) VALUES ('Amani83@gmail.com','2017-08-12 01:41:27.000');
INSERT INTO `users` (`email`,`created_at`) VALUES ('Amara64@yahoo.com','2017-03-01 06:06:55.000');
INSERT INTO `users` (`email`,`created_at`) VALUES ('Amara96@gmail.com','2017-02-12 00:47:10.000');
INSERT INTO `users` (`email`,`created_at`) VALUES ('Amari.Halvorson39@yahoo.com','2017-04-20 09:31:06.000');
INSERT INTO `users` (`email`,`created_at`) VALUES ('Amelie11@hotmail.com','2017-04-13 13:49:08.000');
INSERT INTO `users` (`email`,`created_at`) VALUES ('America_Morar75@hotmail.com','2017-05-12 04:45:19.000');
INSERT INTO `users` (`email`,`created_at`) VALUES ('America_Runte@yahoo.com','2017-09-16 11:16:57.000');
INSERT INTO `users` (`email`,`created_at`) VALUES ('Amie.Balistreri@gmail.com','2017-12-20 19:57:40.000');
INSERT INTO `users` (`email`,`created_at`) VALUES ('Amie_Feeney67@hotmail.com','2017-05-03 16:35:01.000');
INSERT INTO `users` (`email`,`created_at`) VALUES ('Amina87@hotmail.com','2017-04-18 15:45:06.000');
INSERT INTO `users` (`email`,`created_at`) VALUES ('Amiya.Dare74@yahoo.com','2017-03-13 22:47:13.000');
INSERT INTO `users` (`email`,`created_at`) VALUES ('Andrew.Crooks@yahoo.com','2017-02-05 13:43:09.000');
INSERT INTO `users` (`email`,`created_at`) VALUES ('Andre_Collins4@gmail.com','2017-06-08 02:59:47.000');
INSERT INTO `users` (`email`,`created_at`) VALUES ('Angel.Mayert81@gmail.com','2018-01-03 13:41:39.000');
INSERT INTO `users` (`email`,`created_at`) VALUES ('Angela44@yahoo.com','2017-02-21 17:16:15.000');
INSERT INTO `users` (`email`,`created_at`) VALUES ('Angelica97@hotmail.com','2017-10-06 07:03:13.000');
INSERT INTO `users` (`email`,`created_at`) VALUES ('Angelina.Labadie@gmail.com','2017-06-26 18:47:09.000');
INSERT INTO `users` (`email`,`created_at`) VALUES ('Angelita91@gmail.com','2017-03-05 05:00:03.000');
INSERT INTO `users` (`email`,`created_at`) VALUES ('Aniyah49@yahoo.com','2017-02-16 21:00:01.000');
INSERT INTO `users` (`email`,`created_at`) VALUES ('Annabell.OConner25@yahoo.com','2017-09-12 06:50:37.000');
INSERT INTO `users` (`email`,`created_at`) VALUES ('Annabelle.Tremblay99@hotmail.com','2017-09-25 05:47:38.000');
INSERT INTO `users` (`email`,`created_at`) VALUES ('Annabelle_OKeefe@gmail.com','2017-10-10 12:38:16.000');
INSERT INTO `users` (`email`,`created_at`) VALUES ('Annetta13@gmail.com','2017-11-14 16:40:36.000');
INSERT INTO `users` (`email`,`created_at`) VALUES ('Annetta_Schulist@gmail.com','2017-04-16 14:43:26.000');
INSERT INTO `users` (`email`,`created_at`) VALUES ('Anne_Kulas1@yahoo.com','2017-07-15 02:10:22.000');
INSERT INTO `users` (`email`,`created_at`) VALUES ('Ansley_Crona78@yahoo.com','2017-03-04 06:37:36.000');
INSERT INTO `users` (`email`,`created_at`) VALUES ('Anthony50@hotmail.com','2017-02-04 07:49:54.000');
INSERT INTO `users` (`email`,`created_at`) VALUES ('Arely.Gorczany23@yahoo.com','2017-07-24 07:13:58.000');
INSERT INTO `users` (`email`,`created_at`) VALUES ('Arjun_Konopelski@yahoo.com','2017-10-16 03:13:40.000');
INSERT INTO `users` (`email`,`created_at`) VALUES ('Armando.Schultz42@gmail.com','2017-08-22 16:52:29.000');
INSERT INTO `users` (`email`,`created_at`) VALUES ('Armani_Koss@yahoo.com','2017-11-13 21:24:33.000');
INSERT INTO `users` (`email`,`created_at`) VALUES ('Arvel.Durgan@hotmail.com','2017-03-03 07:12:33.000');
INSERT INTO `users` (`email`,`created_at`) VALUES ('Asha14@gmail.com','2017-07-04 17:35:34.000');
INSERT INTO `users` (`email`,`created_at`) VALUES ('Ashtyn_Morissette@yahoo.com','2017-08-31 15:30:28.000');
INSERT INTO `users` (`email`,`created_at`) VALUES ('Astrid.Ullrich@hotmail.com','2017-06-29 02:17:42.000');
INSERT INTO `users` (`email`,`created_at`) VALUES ('Aubrey.Flatley23@hotmail.com','2017-10-28 10:52:24.000');
INSERT INTO `users` (`email`,`created_at`) VALUES ('Audreanne.Streich58@gmail.com','2017-07-26 21:49:26.000');
INSERT INTO `users` (`email`,`created_at`) VALUES ('Audrey76@hotmail.com','2017-05-23 07:07:15.000');
INSERT INTO `users` (`email`,`created_at`) VALUES ('Augusta_Koelpin54@hotmail.com','2017-07-18 21:15:21.000');
INSERT INTO `users` (`email`,`created_at`) VALUES ('Ayden79@hotmail.com','2017-07-31 01:59:07.000');
INSERT INTO `users` (`email`,`created_at`) VALUES ('Bailee52@yahoo.com','2017-04-23 21:19:16.000');
INSERT INTO `users` (`email`,`created_at`) VALUES ('Bailey_Legros@yahoo.com','2017-12-20 17:00:07.000');
INSERT INTO `users` (`email`,`created_at`) VALUES ('Barney.Jast@yahoo.com','2018-01-20 22:43:28.000');
INSERT INTO `users` (`email`,`created_at`) VALUES ('Barrett.Daniel68@gmail.com','2018-01-13 23:35:32.000');
INSERT INTO `users` (`email`,`created_at`) VALUES ('Benjamin.Hoppe@yahoo.com','2018-01-10 22:05:51.000');
INSERT INTO `users` (`email`,`created_at`) VALUES ('Benton_Dibbert91@hotmail.com','2017-07-14 12:25:46.000');
INSERT INTO `users` (`email`,`created_at`) VALUES ('Bernard.Kreiger@yahoo.com','2017-11-16 05:26:54.000');
INSERT INTO `users` (`email`,`created_at`) VALUES ('Bernice.Sipes@gmail.com','2017-07-15 08:18:45.000');
INSERT INTO `users` (`email`,`created_at`) VALUES ('Bernita_Mohr@yahoo.com','2017-12-03 04:35:21.000');
INSERT INTO `users` (`email`,`created_at`) VALUES ('Bessie_Parisian@yahoo.com','2017-05-23 00:50:38.000');
INSERT INTO `users` (`email`,`created_at`) VALUES ('Bianka.Lindgren@yahoo.com','2017-08-07 12:44:33.000');
INSERT INTO `users` (`email`,`created_at`) VALUES ('Bianka.Rutherford78@gmail.com','2017-08-11 19:47:18.000');
INSERT INTO `users` (`email`,`created_at`) VALUES ('Billie99@yahoo.com','2017-05-19 19:44:58.000');
INSERT INTO `users` (`email`,`created_at`) VALUES ('Boris_Jacobs@gmail.com','2017-02-20 10:14:40.000');
INSERT INTO `users` (`email`,`created_at`) VALUES ('Brad76@gmail.com','2017-08-24 19:49:56.000');
INSERT INTO `users` (`email`,`created_at`) VALUES ('Braden_Heller@yahoo.com','2017-09-30 01:15:29.000');
INSERT INTO `users` (`email`,`created_at`) VALUES ('Brandi97@hotmail.com','2018-01-02 18:55:47.000');
INSERT INTO `users` (`email`,`created_at`) VALUES ('Brandon.Hirthe62@hotmail.com','2018-01-13 11:45:06.000');
INSERT INTO `users` (`email`,`created_at`) VALUES ('Brandyn.Corwin@hotmail.com','2017-07-11 05:26:55.000');
INSERT INTO `users` (`email`,`created_at`) VALUES ('Brannon34@yahoo.com','2017-08-03 14:51:18.000');
INSERT INTO `users` (`email`,`created_at`) VALUES ('Breanna_Hirthe49@hotmail.com','2017-07-17 04:30:34.000');
INSERT INTO `users` (`email`,`created_at`) VALUES ('Breanne9@yahoo.com','2017-12-29 14:45:32.000');
INSERT INTO `users` (`email`,`created_at`) VALUES ('Brendon57@yahoo.com','2018-01-17 19:37:55.000');
INSERT INTO `users` (`email`,`created_at`) VALUES ('Brendon67@yahoo.com','2017-03-30 06:52:16.000');
INSERT INTO `users` (`email`,`created_at`) VALUES ('Britney.Volkman@gmail.com','2017-07-31 08:33:25.000');
INSERT INTO `users` (`email`,`created_at`) VALUES ('Brock.White84@hotmail.com','2017-09-29 23:00:03.000');
INSERT INTO `users` (`email`,`created_at`) VALUES ('Brock35@yahoo.com','2017-05-01 03:29:43.000');
INSERT INTO `users` (`email`,`created_at`) VALUES ('Brook52@yahoo.com','2017-04-23 13:39:58.000');
INSERT INTO `users` (`email`,`created_at`) VALUES ('Brooklyn.Rice@yahoo.com','2017-05-18 21:52:37.000');
INSERT INTO `users` (`email`,`created_at`) VALUES ('Brook_Welch28@hotmail.com','2017-12-09 18:58:03.000');
INSERT INTO `users` (`email`,`created_at`) VALUES ('Bruce_Doyle@gmail.com','2017-04-17 01:10:22.000');
INSERT INTO `users` (`email`,`created_at`) VALUES ('Bryce.Murazik5@hotmail.com','2017-03-17 23:58:06.000');
INSERT INTO `users` (`email`,`created_at`) VALUES ('Brycen_Gutmann@gmail.com','2017-06-12 09:41:04.000');
INSERT INTO `users` (`email`,`created_at`) VALUES ('Buddy_Thiel@hotmail.com','2017-08-03 16:44:03.000');
INSERT INTO `users` (`email`,`created_at`) VALUES ('Buford_Rau66@yahoo.com','2017-05-19 08:06:53.000');
INSERT INTO `users` (`email`,`created_at`) VALUES ('Buster_Powlowski47@gmail.com','2017-02-19 04:24:31.000');
INSERT INTO `users` (`email`,`created_at`) VALUES ('Buster_Schiller@yahoo.com','2017-07-28 19:03:47.000');
INSERT INTO `users` (`email`,`created_at`) VALUES ('Caden.Rogahn14@hotmail.com','2017-08-26 04:54:03.000');
INSERT INTO `users` (`email`,`created_at`) VALUES ('Cale56@yahoo.com','2018-01-24 20:42:23.000');
INSERT INTO `users` (`email`,`created_at`) VALUES ('Cale_Quigley@gmail.com','2017-07-05 21:00:44.000');
INSERT INTO `users` (`email`,`created_at`) VALUES ('Cali14@gmail.com','2017-04-30 01:01:46.000');
INSERT INTO `users` (`email`,`created_at`) VALUES ('Cali_Jacobi44@gmail.com','2017-12-18 08:06:04.000');
INSERT INTO `users` (`email`,`created_at`) VALUES ('Cameron18@gmail.com','2017-07-18 21:56:55.000');
INSERT INTO `users` (`email`,`created_at`) VALUES ('Cameron75@gmail.com','2017-02-02 03:53:24.000');
INSERT INTO `users` (`email`,`created_at`) VALUES ('Camren_Dooley95@gmail.com','2017-02-15 00:41:33.000');
INSERT INTO `users` (`email`,`created_at`) VALUES ('Camylle22@hotmail.com','2018-01-03 06:38:28.000');
INSERT INTO `users` (`email`,`created_at`) VALUES ('Candace.Halvorson@hotmail.com','2017-11-19 19:40:14.000');
INSERT INTO `users` (`email`,`created_at`) VALUES ('Candida_Marvin@hotmail.com','2018-01-24 03:15:15.000');
INSERT INTO `users` (`email`,`created_at`) VALUES ('Cara_Turcotte99@yahoo.com','2017-08-17 08:37:02.000');
INSERT INTO `users` (`email`,`created_at`) VALUES ('Carlee.Bruen91@hotmail.com','2017-11-08 15:23:26.000');
INSERT INTO `users` (`email`,`created_at`) VALUES ('Carlee94@yahoo.com','2017-06-14 19:07:30.000');
INSERT INTO `users` (`email`,`created_at`) VALUES ('Carleton_Romaguera@gmail.com','2017-05-02 20:26:03.000');
INSERT INTO `users` (`email`,`created_at`) VALUES ('Carlotta9@hotmail.com','2017-05-09 15:04:06.000');
INSERT INTO `users` (`email`,`created_at`) VALUES ('Carole.Daugherty99@hotmail.com','2017-08-15 13:23:20.000');
INSERT INTO `users` (`email`,`created_at`) VALUES ('Casper.Rodriguez57@hotmail.com','2017-12-13 19:12:46.000');
INSERT INTO `users` (`email`,`created_at`) VALUES ('Cassie_Bogisich@gmail.com','2017-12-30 01:28:24.000');
INSERT INTO `users` (`email`,`created_at`) VALUES ('Caterina8@gmail.com','2017-12-13 11:46:56.000');
INSERT INTO `users` (`email`,`created_at`) VALUES ('Catherine.Feil@hotmail.com','2018-01-08 12:13:55.000');
INSERT INTO `users` (`email`,`created_at`) VALUES ('Cathrine.Simonis@yahoo.com','2017-08-23 19:30:08.000');
INSERT INTO `users` (`email`,`created_at`) VALUES ('Cathryn_Kreiger5@hotmail.com','2017-05-31 13:02:00.000');
INSERT INTO `users` (`email`,`created_at`) VALUES ('Cathy_OConnell@yahoo.com','2017-03-10 14:45:32.000');
INSERT INTO `users` (`email`,`created_at`) VALUES ('Cayla37@yahoo.com','2017-06-10 21:45:33.000');
INSERT INTO `users` (`email`,`created_at`) VALUES ('Ceasar40@gmail.com','2018-01-07 08:05:23.000');
INSERT INTO `users` (`email`,`created_at`) VALUES ('Cecile_Lowe@yahoo.com','2017-05-16 17:31:14.000');
INSERT INTO `users` (`email`,`created_at`) VALUES ('Celia_Borer@hotmail.com','2017-02-26 21:54:32.000');
INSERT INTO `users` (`email`,`created_at`) VALUES ('Cesar_Brown79@gmail.com','2017-05-29 02:25:18.000');
INSERT INTO `users` (`email`,`created_at`) VALUES ('Cesar_Marquardt@yahoo.com','2017-04-11 08:19:30.000');
INSERT INTO `users` (`email`,`created_at`) VALUES ('Chance_Block45@hotmail.com','2018-01-22 08:01:33.000');
INSERT INTO `users` (`email`,`created_at`) VALUES ('Charles83@hotmail.com','2017-04-06 21:34:17.000');
INSERT INTO `users` (`email`,`created_at`) VALUES ('Charlie.Romaguera@yahoo.com','2017-04-04 09:02:08.000');
INSERT INTO `users` (`email`,`created_at`) VALUES ('Chelsea_OKon25@yahoo.com','2017-11-13 20:18:19.000');
INSERT INTO `users` (`email`,`created_at`) VALUES ('Chesley_Cormier18@yahoo.com','2017-07-30 10:09:40.000');
INSERT INTO `users` (`email`,`created_at`) VALUES ('Chet.White87@hotmail.com','2017-03-21 23:27:10.000');
INSERT INTO `users` (`email`,`created_at`) VALUES ('Chet_Rolfson84@hotmail.com','2017-02-15 21:52:09.000');
INSERT INTO `users` (`email`,`created_at`) VALUES ('Christian.Carter36@yahoo.com','2017-12-03 02:53:03.000');
INSERT INTO `users` (`email`,`created_at`) VALUES ('Christine.Murazik@hotmail.com','2017-04-28 12:12:32.000');
INSERT INTO `users` (`email`,`created_at`) VALUES ('Christop34@hotmail.com','2017-03-27 10:05:47.000');
INSERT INTO `users` (`email`,`created_at`) VALUES ('Christop45@gmail.com','2017-06-19 06:25:39.000');
INSERT INTO `users` (`email`,`created_at`) VALUES ('Christop93@yahoo.com','2017-10-11 12:59:30.000');
INSERT INTO `users` (`email`,`created_at`) VALUES ('Christy.Volkman35@hotmail.com','2017-09-26 21:13:56.000');
INSERT INTO `users` (`email`,`created_at`) VALUES ('Christy22@hotmail.com','2017-08-30 04:37:43.000');
INSERT INTO `users` (`email`,`created_at`) VALUES ('Cielo9@gmail.com','2017-02-02 17:30:57.000');
INSERT INTO `users` (`email`,`created_at`) VALUES ('Citlalli13@yahoo.com','2017-05-08 10:08:02.000');
INSERT INTO `users` (`email`,`created_at`) VALUES ('Clair_Baumbach25@hotmail.com','2017-04-17 19:10:57.000');
INSERT INTO `users` (`email`,`created_at`) VALUES ('Clare.Spencer@yahoo.com','2017-02-26 02:53:59.000');
INSERT INTO `users` (`email`,`created_at`) VALUES ('Clare_Quigley11@hotmail.com','2018-01-10 16:44:21.000');
INSERT INTO `users` (`email`,`created_at`) VALUES ('Claudie_Gusikowski92@yahoo.com','2017-12-04 04:47:59.000');
INSERT INTO `users` (`email`,`created_at`) VALUES ('Claudine25@hotmail.com','2017-07-10 03:21:38.000');
INSERT INTO `users` (`email`,`created_at`) VALUES ('Clementina.Heidenreich@gmail.com','2017-12-25 11:36:26.000');
INSERT INTO `users` (`email`,`created_at`) VALUES ('Clement_Marks@gmail.com','2017-04-11 20:36:23.000');
INSERT INTO `users` (`email`,`created_at`) VALUES ('Clint_Larson@hotmail.com','2017-08-17 15:27:21.000');
INSERT INTO `users` (`email`,`created_at`) VALUES ('Cody.Crist@hotmail.com','2018-01-01 16:53:04.000');
INSERT INTO `users` (`email`,`created_at`) VALUES ('Colleen55@yahoo.com','2017-10-17 19:00:32.000');
INSERT INTO `users` (`email`,`created_at`) VALUES ('Colten_Hudson87@gmail.com','2017-08-08 19:10:36.000');
INSERT INTO `users` (`email`,`created_at`) VALUES ('Conner.Welch@gmail.com','2017-10-10 23:31:17.000');
INSERT INTO `users` (`email`,`created_at`) VALUES ('Connor36@yahoo.com','2017-08-23 11:10:00.000');
INSERT INTO `users` (`email`,`created_at`) VALUES ('Constance_Marks50@hotmail.com','2017-07-13 18:49:00.000');
INSERT INTO `users` (`email`,`created_at`) VALUES ('Consuelo.Considine53@gmail.com','2017-06-01 06:37:52.000');
INSERT INTO `users` (`email`,`created_at`) VALUES ('Consuelo.Larkin73@hotmail.com','2017-07-21 04:32:14.000');
INSERT INTO `users` (`email`,`created_at`) VALUES ('Consuelo.Ortiz@hotmail.com','2018-01-15 09:30:04.000');
INSERT INTO `users` (`email`,`created_at`) VALUES ('Consuelo97@hotmail.com','2017-10-09 00:56:55.000');
INSERT INTO `users` (`email`,`created_at`) VALUES ('Cooper.Steuber@hotmail.com','2017-10-25 16:07:41.000');
INSERT INTO `users` (`email`,`created_at`) VALUES ('Cora68@yahoo.com','2017-08-28 07:35:16.000');
INSERT INTO `users` (`email`,`created_at`) VALUES ('Coralie84@gmail.com','2018-01-11 22:16:26.000');
INSERT INTO `users` (`email`,`created_at`) VALUES ('Coralie_Carroll@gmail.com','2017-10-26 14:53:24.000');
INSERT INTO `users` (`email`,`created_at`) VALUES ('Corene_Fadel@hotmail.com','2017-07-05 23:14:31.000');
INSERT INTO `users` (`email`,`created_at`) VALUES ('Cornelius.Kirlin@yahoo.com','2017-03-01 00:43:41.000');
INSERT INTO `users` (`email`,`created_at`) VALUES ('Cornelius.Shields81@yahoo.com','2017-05-14 21:12:43.000');
INSERT INTO `users` (`email`,`created_at`) VALUES ('Coy.Hills97@yahoo.com','2017-07-27 21:49:05.000');
INSERT INTO `users` (`email`,`created_at`) VALUES ('Cristian3@yahoo.com','2017-03-28 21:40:29.000');
INSERT INTO `users` (`email`,`created_at`) VALUES ('Cristian_Gerlach48@hotmail.com','2017-02-27 10:39:05.000');
INSERT INTO `users` (`email`,`created_at`) VALUES ('Cristina91@yahoo.com','2017-05-25 21:25:00.000');
INSERT INTO `users` (`email`,`created_at`) VALUES ('Cruz.Yost@hotmail.com','2017-05-03 12:29:32.000');
INSERT INTO `users` (`email`,`created_at`) VALUES ('Crystel.Quitzon99@gmail.com','2017-11-08 01:16:47.000');
INSERT INTO `users` (`email`,`created_at`) VALUES ('Curt45@hotmail.com','2017-06-21 07:48:19.000');
INSERT INTO `users` (`email`,`created_at`) VALUES ('Cydney_Weimann27@gmail.com','2017-08-05 13:14:25.000');
INSERT INTO `users` (`email`,`created_at`) VALUES ('Daija.Crona49@yahoo.com','2017-11-04 07:12:54.000');
INSERT INTO `users` (`email`,`created_at`) VALUES ('Daisy.Christiansen88@gmail.com','2017-10-13 23:11:09.000');
INSERT INTO `users` (`email`,`created_at`) VALUES ('Dale.DuBuque81@yahoo.com','2018-01-30 21:04:27.000');
INSERT INTO `users` (`email`,`created_at`) VALUES ('Dallin_Hammes@hotmail.com','2017-06-06 13:45:09.000');
INSERT INTO `users` (`email`,`created_at`) VALUES ('Dallin_Mayer26@gmail.com','2017-06-17 20:39:44.000');
INSERT INTO `users` (`email`,`created_at`) VALUES ('Dalton.Kessler91@hotmail.com','2017-04-23 18:06:57.000');
INSERT INTO `users` (`email`,`created_at`) VALUES ('Dameon26@gmail.com','2017-02-11 10:32:37.000');
INSERT INTO `users` (`email`,`created_at`) VALUES ('Damion.Emmerich@hotmail.com','2017-10-21 00:35:16.000');
INSERT INTO `users` (`email`,`created_at`) VALUES ('Dane_Hilll@yahoo.com','2017-06-11 08:05:57.000');
INSERT INTO `users` (`email`,`created_at`) VALUES ('Dangelo38@hotmail.com','2017-11-22 06:39:32.000');
INSERT INTO `users` (`email`,`created_at`) VALUES ('Danial.Monahan@gmail.com','2017-07-11 12:20:47.000');
INSERT INTO `users` (`email`,`created_at`) VALUES ('Danielle.Fritsch@gmail.com','2017-05-26 02:21:13.000');
INSERT INTO `users` (`email`,`created_at`) VALUES ('Danielle26@hotmail.com','2018-01-21 08:42:33.000');
INSERT INTO `users` (`email`,`created_at`) VALUES ('Danika_Reilly43@hotmail.com','2017-11-07 23:08:44.000');
INSERT INTO `users` (`email`,`created_at`) VALUES ('Danny.Batz9@gmail.com','2017-05-23 11:37:06.000');
INSERT INTO `users` (`email`,`created_at`) VALUES ('Danny.Raynor@gmail.com','2017-11-18 14:29:57.000');
INSERT INTO `users` (`email`,`created_at`) VALUES ('Danny10@yahoo.com','2017-11-07 13:49:12.000');
INSERT INTO `users` (`email`,`created_at`) VALUES ('Dante.Stroman36@hotmail.com','2017-04-28 04:20:28.000');
INSERT INTO `users` (`email`,`created_at`) VALUES ('Daphney_Dach@hotmail.com','2017-02-27 23:35:37.000');
INSERT INTO `users` (`email`,`created_at`) VALUES ('Daren35@hotmail.com','2017-10-21 01:23:18.000');
INSERT INTO `users` (`email`,`created_at`) VALUES ('Darius61@hotmail.com','2017-07-04 03:56:55.000');
INSERT INTO `users` (`email`,`created_at`) VALUES ('Darlene_Dickinson@gmail.com','2017-05-04 09:11:13.000');
INSERT INTO `users` (`email`,`created_at`) VALUES ('Darrell.Farrell@yahoo.com','2017-11-28 02:33:54.000');
INSERT INTO `users` (`email`,`created_at`) VALUES ('Darrell_Braun20@yahoo.com','2017-04-28 08:28:16.000');
INSERT INTO `users` (`email`,`created_at`) VALUES ('Darron_Rau97@gmail.com','2017-09-23 23:18:03.000');
INSERT INTO `users` (`email`,`created_at`) VALUES ('Darryl.Konopelski@gmail.com','2017-02-18 19:41:37.000');
INSERT INTO `users` (`email`,`created_at`) VALUES ('Darwin_Konopelski@yahoo.com','2017-10-11 15:54:53.000');
INSERT INTO `users` (`email`,`created_at`) VALUES ('Dave.Halvorson@hotmail.com','2017-07-27 17:20:22.000');
INSERT INTO `users` (`email`,`created_at`) VALUES ('Dawson.Sipes@gmail.com','2017-05-22 07:00:35.000');
INSERT INTO `users` (`email`,`created_at`) VALUES ('Dayton.Keeling43@hotmail.com','2017-03-10 08:10:02.000');
INSERT INTO `users` (`email`,`created_at`) VALUES ('Dean.Blick@hotmail.com','2017-10-22 22:21:34.000');
INSERT INTO `users` (`email`,`created_at`) VALUES ('Declan_Leffler@hotmail.com','2017-05-17 17:48:28.000');
INSERT INTO `users` (`email`,`created_at`) VALUES ('Dee.Kihn@hotmail.com','2017-09-30 01:03:17.000');
INSERT INTO `users` (`email`,`created_at`) VALUES ('Delaney.Koepp4@yahoo.com','2017-07-10 08:38:04.000');
INSERT INTO `users` (`email`,`created_at`) VALUES ('Delaney_Vandervort@hotmail.com','2017-05-24 19:43:58.000');
INSERT INTO `users` (`email`,`created_at`) VALUES ('Delfina51@gmail.com','2017-07-09 02:44:23.000');
INSERT INTO `users` (`email`,`created_at`) VALUES ('Della.Zemlak@yahoo.com','2017-12-09 20:40:42.000');
INSERT INTO `users` (`email`,`created_at`) VALUES ('Delores_Olson41@yahoo.com','2017-09-01 20:53:21.000');
INSERT INTO `users` (`email`,`created_at`) VALUES ('Demetris_Morar@gmail.com','2017-02-17 02:28:04.000');
INSERT INTO `users` (`email`,`created_at`) VALUES ('Denis.Trantow@hotmail.com','2017-02-14 08:59:41.000');
INSERT INTO `users` (`email`,`created_at`) VALUES ('Deondre_Zulauf50@yahoo.com','2017-09-19 11:17:30.000');
INSERT INTO `users` (`email`,`created_at`) VALUES ('Deontae.Hintz@gmail.com','2017-08-13 23:11:47.000');
INSERT INTO `users` (`email`,`created_at`) VALUES ('Deonte28@gmail.com','2017-03-21 08:55:46.000');
INSERT INTO `users` (`email`,`created_at`) VALUES ('Derick_Tremblay@hotmail.com','2017-11-23 07:39:58.000');
INSERT INTO `users` (`email`,`created_at`) VALUES ('Deshaun43@hotmail.com','2017-06-11 05:57:45.000');
INSERT INTO `users` (`email`,`created_at`) VALUES ('Deshawn.Torp45@gmail.com','2017-04-23 19:47:54.000');
INSERT INTO `users` (`email`,`created_at`) VALUES ('Deshawn94@yahoo.com','2017-08-20 11:02:21.000');
INSERT INTO `users` (`email`,`created_at`) VALUES ('Desiree.Cummerata82@hotmail.com','2017-02-04 02:41:10.000');
INSERT INTO `users` (`email`,`created_at`) VALUES ('Destinee_Herzog@gmail.com','2017-08-31 17:48:02.000');
INSERT INTO `users` (`email`,`created_at`) VALUES ('Destinee_Schuppe@yahoo.com','2017-12-18 07:57:45.000');
INSERT INTO `users` (`email`,`created_at`) VALUES ('Destin_Hudson@yahoo.com','2017-03-17 18:33:07.000');
INSERT INTO `users` (`email`,`created_at`) VALUES ('Devante_Rosenbaum@gmail.com','2017-12-15 01:45:50.000');
INSERT INTO `users` (`email`,`created_at`) VALUES ('Devyn_Corwin76@yahoo.com','2017-02-27 10:20:24.000');
INSERT INTO `users` (`email`,`created_at`) VALUES ('Diana52@yahoo.com','2017-04-01 16:13:44.000');
INSERT INTO `users` (`email`,`created_at`) VALUES ('Dina.Reilly@gmail.com','2017-02-13 16:45:35.000');
INSERT INTO `users` (`email`,`created_at`) VALUES ('Dino.Greenholt75@gmail.com','2017-09-12 17:43:45.000');
INSERT INTO `users` (`email`,`created_at`) VALUES ('Domenic10@yahoo.com','2017-06-25 18:15:15.000');
INSERT INTO `users` (`email`,`created_at`) VALUES ('Domenico.Cormier23@gmail.com','2017-11-24 08:16:09.000');
INSERT INTO `users` (`email`,`created_at`) VALUES ('Domenic_Tromp86@gmail.com','2017-02-24 13:44:58.000');
INSERT INTO `users` (`email`,`created_at`) VALUES ('Donnell_Torp@hotmail.com','2017-10-26 12:43:16.000');
INSERT INTO `users` (`email`,`created_at`) VALUES ('Donny_Schowalter@hotmail.com','2017-06-15 00:52:45.000');
INSERT INTO `users` (`email`,`created_at`) VALUES ('Don_Ernser68@hotmail.com','2017-03-21 18:21:53.000');
INSERT INTO `users` (`email`,`created_at`) VALUES ('Dorothea96@yahoo.com','2017-04-27 13:35:31.000');
INSERT INTO `users` (`email`,`created_at`) VALUES ('Douglas33@gmail.com','2017-06-29 13:49:37.000');
INSERT INTO `users` (`email`,`created_at`) VALUES ('Dovie_Kuphal@hotmail.com','2017-11-06 07:52:31.000');
INSERT INTO `users` (`email`,`created_at`) VALUES ('Duane_Rolfson@yahoo.com','2017-08-08 17:25:08.000');
INSERT INTO `users` (`email`,`created_at`) VALUES ('Dulce.Hegmann@hotmail.com','2017-07-04 13:55:05.000');
INSERT INTO `users` (`email`,`created_at`) VALUES ('Dustin7@hotmail.com','2017-10-24 20:40:14.000');
INSERT INTO `users` (`email`,`created_at`) VALUES ('Earline.McClure8@hotmail.com','2017-07-03 14:19:05.000');
INSERT INTO `users` (`email`,`created_at`) VALUES ('Earnestine.Kreiger@hotmail.com','2017-06-01 13:07:44.000');
INSERT INTO `users` (`email`,`created_at`) VALUES ('Ed.Berge@hotmail.com','2017-06-15 19:49:35.000');
INSERT INTO `users` (`email`,`created_at`) VALUES ('Eda.Hyatt10@hotmail.com','2017-06-10 07:06:07.000');
INSERT INTO `users` (`email`,`created_at`) VALUES ('Edd77@gmail.com','2017-02-19 09:04:02.000');
INSERT INTO `users` (`email`,`created_at`) VALUES ('Eddie.Haley94@hotmail.com','2017-03-14 20:17:30.000');
INSERT INTO `users` (`email`,`created_at`) VALUES ('Edmond_Friesen@yahoo.com','2017-05-14 09:30:47.000');
INSERT INTO `users` (`email`,`created_at`) VALUES ('Eduardo.Metz20@hotmail.com','2017-07-13 23:18:17.000');
INSERT INTO `users` (`email`,`created_at`) VALUES ('Edwin_Yost51@hotmail.com','2017-08-16 07:53:15.000');
INSERT INTO `users` (`email`,`created_at`) VALUES ('Eileen.Keebler@gmail.com','2017-09-28 14:44:59.000');
INSERT INTO `users` (`email`,`created_at`) VALUES ('Eileen24@yahoo.com','2017-05-03 05:49:27.000');
INSERT INTO `users` (`email`,`created_at`) VALUES ('Eileen34@hotmail.com','2017-10-13 15:06:02.000');
INSERT INTO `users` (`email`,`created_at`) VALUES ('Einar_Daugherty48@gmail.com','2017-08-20 07:43:26.000');
INSERT INTO `users` (`email`,`created_at`) VALUES ('Eino.Rice@gmail.com','2017-08-26 02:24:57.000');
INSERT INTO `users` (`email`,`created_at`) VALUES ('Eldon77@yahoo.com','2017-02-01 16:11:14.000');
INSERT INTO `users` (`email`,`created_at`) VALUES ('Eleanora_Friesen@gmail.com','2017-04-04 11:53:35.000');
INSERT INTO `users` (`email`,`created_at`) VALUES ('Eleazar.Hills@gmail.com','2017-05-27 07:32:02.000');
INSERT INTO `users` (`email`,`created_at`) VALUES ('Elenora_Botsford93@hotmail.com','2017-05-20 02:53:11.000');
INSERT INTO `users` (`email`,`created_at`) VALUES ('Eleonore.Gulgowski4@gmail.com','2017-10-08 10:48:16.000');
INSERT INTO `users` (`email`,`created_at`) VALUES ('Eliane96@yahoo.com','2017-09-20 05:31:36.000');
INSERT INTO `users` (`email`,`created_at`) VALUES ('Elias.Lemke30@hotmail.com','2017-02-24 10:18:12.000');
INSERT INTO `users` (`email`,`created_at`) VALUES ('Eliezer_Predovic@yahoo.com','2017-08-06 02:52:05.000');
INSERT INTO `users` (`email`,`created_at`) VALUES ('Elinore68@hotmail.com','2017-08-07 07:55:52.000');
INSERT INTO `users` (`email`,`created_at`) VALUES ('Ella_Lind@gmail.com','2017-11-01 23:17:38.000');
INSERT INTO `users` (`email`,`created_at`) VALUES ('Ellen68@hotmail.com','2017-09-03 10:51:44.000');
INSERT INTO `users` (`email`,`created_at`) VALUES ('Elliott.Littel@yahoo.com','2017-03-21 02:26:13.000');
INSERT INTO `users` (`email`,`created_at`) VALUES ('Elmer39@gmail.com','2017-10-02 16:25:48.000');
INSERT INTO `users` (`email`,`created_at`) VALUES ('Elmo_Shanahan45@hotmail.com','2017-11-02 22:13:54.000');
INSERT INTO `users` (`email`,`created_at`) VALUES ('Elody.Will29@gmail.com','2017-02-08 11:52:11.000');
INSERT INTO `users` (`email`,`created_at`) VALUES ('Elroy.Terry5@hotmail.com','2017-06-04 01:40:02.000');
INSERT INTO `users` (`email`,`created_at`) VALUES ('Elroy.Windler19@gmail.com','2017-10-31 19:48:52.000');
INSERT INTO `users` (`email`,`created_at`) VALUES ('Elton_Kling75@yahoo.com','2017-09-21 16:54:40.000');
INSERT INTO `users` (`email`,`created_at`) VALUES ('Elva74@gmail.com','2017-09-20 23:33:40.000');
INSERT INTO `users` (`email`,`created_at`) VALUES ('Elvera40@hotmail.com','2017-09-03 00:25:27.000');
INSERT INTO `users` (`email`,`created_at`) VALUES ('Elvie48@yahoo.com','2017-04-25 20:04:26.000');
INSERT INTO `users` (`email`,`created_at`) VALUES ('Emelia.Jacobson@gmail.com','2017-05-12 14:58:02.000');
INSERT INTO `users` (`email`,`created_at`) VALUES ('Emerald_Tromp56@yahoo.com','2017-09-30 13:33:15.000');
INSERT INTO `users` (`email`,`created_at`) VALUES ('Emilia.Mraz@gmail.com','2018-01-06 04:04:37.000');
INSERT INTO `users` (`email`,`created_at`) VALUES ('Emma.Prohaska77@hotmail.com','2017-08-31 05:21:40.000');
INSERT INTO `users` (`email`,`created_at`) VALUES ('Emmanuelle.Rowe25@gmail.com','2017-06-07 14:29:45.000');
INSERT INTO `users` (`email`,`created_at`) VALUES ('Emma_Fadel@hotmail.com','2017-11-15 15:43:33.000');
INSERT INTO `users` (`email`,`created_at`) VALUES ('Emmitt.Stark86@gmail.com','2017-06-13 10:45:19.000');
INSERT INTO `users` (`email`,`created_at`) VALUES ('Ena_Von@yahoo.com','2018-01-03 15:48:21.000');
INSERT INTO `users` (`email`,`created_at`) VALUES ('Enoch46@yahoo.com','2017-10-23 16:47:22.000');
INSERT INTO `users` (`email`,`created_at`) VALUES ('Eriberto.Weissnat@yahoo.com','2017-09-01 19:47:51.000');
INSERT INTO `users` (`email`,`created_at`) VALUES ('Erica73@hotmail.com','2017-12-05 11:05:11.000');
INSERT INTO `users` (`email`,`created_at`) VALUES ('Erna.Mann@gmail.com','2017-09-10 13:38:35.000');
INSERT INTO `users` (`email`,`created_at`) VALUES ('Erwin_Gutmann@gmail.com','2017-09-19 09:11:20.000');
INSERT INTO `users` (`email`,`created_at`) VALUES ('Esther64@yahoo.com','2018-01-25 10:40:54.000');
INSERT INTO `users` (`email`,`created_at`) VALUES ('Esther_Herzog80@hotmail.com','2017-08-14 07:13:19.000');
INSERT INTO `users` (`email`,`created_at`) VALUES ('Ethan_Stehr45@gmail.com','2017-07-14 22:45:21.000');
INSERT INTO `users` (`email`,`created_at`) VALUES ('Ethan_Stoltenberg87@gmail.com','2017-12-02 17:28:31.000');
INSERT INTO `users` (`email`,`created_at`) VALUES ('Ethel44@hotmail.com','2017-05-11 02:50:38.000');
INSERT INTO `users` (`email`,`created_at`) VALUES ('Ethelyn64@yahoo.com','2017-06-21 00:11:40.000');
INSERT INTO `users` (`email`,`created_at`) VALUES ('Eudora_Abshire70@gmail.com','2017-06-22 05:51:39.000');
INSERT INTO `users` (`email`,`created_at`) VALUES ('Eunice.Hudson78@yahoo.com','2017-09-24 19:54:58.000');
INSERT INTO `users` (`email`,`created_at`) VALUES ('Evalyn90@hotmail.com','2017-10-07 23:07:28.000');
INSERT INTO `users` (`email`,`created_at`) VALUES ('Eve.Kohler@gmail.com','2018-01-09 00:52:57.000');
INSERT INTO `users` (`email`,`created_at`) VALUES ('Evelyn_Harber@gmail.com','2018-01-21 08:16:24.000');
INSERT INTO `users` (`email`,`created_at`) VALUES ('Evert.Goodwin14@gmail.com','2017-11-22 16:18:51.000');
INSERT INTO `users` (`email`,`created_at`) VALUES ('Evert29@yahoo.com','2017-11-12 23:00:07.000');
INSERT INTO `users` (`email`,`created_at`) VALUES ('Evie.Wuckert12@gmail.com','2017-12-08 23:11:55.000');
INSERT INTO `users` (`email`,`created_at`) VALUES ('Ewell.Zemlak@hotmail.com','2017-03-05 04:12:10.000');
INSERT INTO `users` (`email`,`created_at`) VALUES ('Fabian.Ledner@yahoo.com','2017-08-11 15:02:11.000');
INSERT INTO `users` (`email`,`created_at`) VALUES ('Fannie.Considine38@hotmail.com','2017-08-12 18:56:56.000');
INSERT INTO `users` (`email`,`created_at`) VALUES ('Fanny_Weissnat24@gmail.com','2017-12-18 13:32:08.000');
INSERT INTO `users` (`email`,`created_at`) VALUES ('Fatima.Howell@yahoo.com','2018-01-20 21:03:17.000');
INSERT INTO `users` (`email`,`created_at`) VALUES ('Faustino.Greenfelder63@gmail.com','2017-04-01 07:36:27.000');
INSERT INTO `users` (`email`,`created_at`) VALUES ('Fay98@gmail.com','2018-01-11 16:55:20.000');
INSERT INTO `users` (`email`,`created_at`) VALUES ('Fay_Jacobson@gmail.com','2017-10-07 14:08:23.000');
INSERT INTO `users` (`email`,`created_at`) VALUES ('Federico_King1@hotmail.com','2017-09-16 20:30:02.000');
INSERT INTO `users` (`email`,`created_at`) VALUES ('Felicita_Johnson14@gmail.com','2017-12-08 18:58:15.000');
INSERT INTO `users` (`email`,`created_at`) VALUES ('Felipa97@gmail.com','2017-02-11 13:46:23.000');
INSERT INTO `users` (`email`,`created_at`) VALUES ('Felipe.Reilly51@yahoo.com','2018-01-24 07:13:16.000');
INSERT INTO `users` (`email`,`created_at`) VALUES ('Felipe69@yahoo.com','2017-12-20 17:52:09.000');
INSERT INTO `users` (`email`,`created_at`) VALUES ('Fernando47@yahoo.com','2017-12-17 05:43:13.000');
INSERT INTO `users` (`email`,`created_at`) VALUES ('Fern_Mann@yahoo.com','2017-12-19 12:09:54.000');
INSERT INTO `users` (`email`,`created_at`) VALUES ('Filiberto10@gmail.com','2017-07-04 22:36:18.000');
INSERT INTO `users` (`email`,`created_at`) VALUES ('Fiona.Schowalter74@hotmail.com','2017-06-08 21:51:52.000');
INSERT INTO `users` (`email`,`created_at`) VALUES ('Fleta_Moore28@yahoo.com','2017-03-29 19:57:14.000');
INSERT INTO `users` (`email`,`created_at`) VALUES ('Flo38@yahoo.com','2017-12-07 10:22:28.000');
INSERT INTO `users` (`email`,`created_at`) VALUES ('Florence.Jacobson32@hotmail.com','2018-01-08 10:26:03.000');
INSERT INTO `users` (`email`,`created_at`) VALUES ('Florian4@yahoo.com','2017-12-25 15:55:59.000');
INSERT INTO `users` (`email`,`created_at`) VALUES ('Floy.Schinner0@gmail.com','2017-03-20 15:54:43.000');
INSERT INTO `users` (`email`,`created_at`) VALUES ('Floy18@yahoo.com','2017-05-21 20:53:16.000');
INSERT INTO `users` (`email`,`created_at`) VALUES ('Floy53@yahoo.com','2017-07-13 07:14:30.000');
INSERT INTO `users` (`email`,`created_at`) VALUES ('Forrest96@gmail.com','2017-03-05 13:50:36.000');
INSERT INTO `users` (`email`,`created_at`) VALUES ('Frances55@yahoo.com','2018-01-11 04:53:16.000');
INSERT INTO `users` (`email`,`created_at`) VALUES ('Franco_Kerluke@hotmail.com','2018-01-02 22:01:55.000');
INSERT INTO `users` (`email`,`created_at`) VALUES ('Freddy.Christiansen@hotmail.com','2017-09-16 05:06:47.000');
INSERT INTO `users` (`email`,`created_at`) VALUES ('Frederik_Wintheiser@gmail.com','2017-05-09 12:36:35.000');
INSERT INTO `users` (`email`,`created_at`) VALUES ('Gabe.Bruen@gmail.com','2017-08-24 07:57:02.000');
INSERT INTO `users` (`email`,`created_at`) VALUES ('Gabriel.Bogisich@yahoo.com','2017-06-15 01:12:08.000');
INSERT INTO `users` (`email`,`created_at`) VALUES ('Gabriel.Tromp@yahoo.com','2017-04-15 06:32:36.000');
INSERT INTO `users` (`email`,`created_at`) VALUES ('Gabriella.Gusikowski@gmail.com','2017-02-06 21:48:49.000');
INSERT INTO `users` (`email`,`created_at`) VALUES ('Garnett23@hotmail.com','2017-09-30 02:09:26.000');
INSERT INTO `users` (`email`,`created_at`) VALUES ('Garret98@gmail.com','2017-12-27 22:14:55.000');
INSERT INTO `users` (`email`,`created_at`) VALUES ('Garrick_Reichert@gmail.com','2018-01-20 19:34:53.000');
INSERT INTO `users` (`email`,`created_at`) VALUES ('Gavin_Kuhlman@gmail.com','2018-01-18 17:21:05.000');
INSERT INTO `users` (`email`,`created_at`) VALUES ('Gavin_Tillman@gmail.com','2017-06-30 16:59:46.000');
INSERT INTO `users` (`email`,`created_at`) VALUES ('Gay.McKenzie@yahoo.com','2017-11-06 10:02:33.000');
INSERT INTO `users` (`email`,`created_at`) VALUES ('Gaylord.Walsh@gmail.com','2017-04-17 13:53:30.000');
INSERT INTO `users` (`email`,`created_at`) VALUES ('Gaylord46@hotmail.com','2018-01-26 05:26:08.000');
INSERT INTO `users` (`email`,`created_at`) VALUES ('Genoveva_Weimann85@gmail.com','2017-08-15 18:04:50.000');
INSERT INTO `users` (`email`,`created_at`) VALUES ('George.Tromp@gmail.com','2017-09-15 10:56:10.000');
INSERT INTO `users` (`email`,`created_at`) VALUES ('Georgette.Romaguera61@gmail.com','2017-02-05 05:14:14.000');
INSERT INTO `users` (`email`,`created_at`) VALUES ('Georgiana_Spencer55@hotmail.com','2017-09-11 15:48:05.000');
INSERT INTO `users` (`email`,`created_at`) VALUES ('Geovanni.Runte@yahoo.com','2017-12-15 12:14:37.000');
INSERT INTO `users` (`email`,`created_at`) VALUES ('Geovanni_Osinski32@gmail.com','2017-10-15 02:54:09.000');
INSERT INTO `users` (`email`,`created_at`) VALUES ('Gerard59@gmail.com','2017-08-09 15:38:37.000');
INSERT INTO `users` (`email`,`created_at`) VALUES ('Germaine_Jaskolski78@gmail.com','2017-06-18 03:16:34.000');
INSERT INTO `users` (`email`,`created_at`) VALUES ('German14@hotmail.com','2017-09-17 11:28:33.000');
INSERT INTO `users` (`email`,`created_at`) VALUES ('German_Stamm43@gmail.com','2017-02-02 06:39:15.000');
INSERT INTO `users` (`email`,`created_at`) VALUES ('Gertrude.Hettinger31@hotmail.com','2017-12-16 10:27:50.000');
INSERT INTO `users` (`email`,`created_at`) VALUES ('Gilberto_Gutmann19@gmail.com','2017-05-05 15:58:22.000');
INSERT INTO `users` (`email`,`created_at`) VALUES ('Gillian_Shields56@yahoo.com','2017-12-01 01:17:30.000');
INSERT INTO `users` (`email`,`created_at`) VALUES ('Gina.Jones@yahoo.com','2017-04-22 19:25:21.000');
INSERT INTO `users` (`email`,`created_at`) VALUES ('Gina.Lubowitz87@yahoo.com','2017-03-13 23:21:03.000');
INSERT INTO `users` (`email`,`created_at`) VALUES ('Gina49@gmail.com','2017-09-15 09:17:04.000');
INSERT INTO `users` (`email`,`created_at`) VALUES ('Giovanna_Quitzon@yahoo.com','2018-01-08 22:17:05.000');
INSERT INTO `users` (`email`,`created_at`) VALUES ('givemeyourbestshot@shooters.com','2018-02-01 06:02:38.000');
INSERT INTO `users` (`email`,`created_at`) VALUES ('Gladyce_Hettinger@yahoo.com','2017-03-14 17:29:38.000');
INSERT INTO `users` (`email`,`created_at`) VALUES ('Glen4@gmail.com','2017-06-19 21:48:01.000');
INSERT INTO `users` (`email`,`created_at`) VALUES ('Godfrey_Mertz@gmail.com','2017-10-31 21:54:31.000');
INSERT INTO `users` (`email`,`created_at`) VALUES ('Graham.Aufderhar66@yahoo.com','2017-02-26 14:49:15.000');
INSERT INTO `users` (`email`,`created_at`) VALUES ('Graham_Leannon@gmail.com','2017-09-24 11:54:32.000');
INSERT INTO `users` (`email`,`created_at`) VALUES ('Griffin51@yahoo.com','2017-06-29 21:38:55.000');
INSERT INTO `users` (`email`,`created_at`) VALUES ('Gudrun_Schultz63@gmail.com','2017-03-24 03:39:39.000');
INSERT INTO `users` (`email`,`created_at`) VALUES ('Guillermo_Kunze76@yahoo.com','2017-09-19 10:59:39.000');
INSERT INTO `users` (`email`,`created_at`) VALUES ('Guiseppe18@hotmail.com','2017-06-11 14:02:17.000');
INSERT INTO `users` (`email`,`created_at`) VALUES ('Hadley.Gerlach19@yahoo.com','2018-01-19 07:55:05.000');
INSERT INTO `users` (`email`,`created_at`) VALUES ('Hailie.Von@gmail.com','2018-01-25 15:57:49.000');
INSERT INTO `users` (`email`,`created_at`) VALUES ('Halle.Hammes29@gmail.com','2018-01-11 09:19:07.000');
INSERT INTO `users` (`email`,`created_at`) VALUES ('Harmony_Hudson10@hotmail.com','2017-09-27 02:39:21.000');
INSERT INTO `users` (`email`,`created_at`) VALUES ('Harold_Schinner@yahoo.com','2017-07-31 13:41:12.000');
INSERT INTO `users` (`email`,`created_at`) VALUES ('Haskell26@yahoo.com','2017-06-27 03:53:37.000');
INSERT INTO `users` (`email`,`created_at`) VALUES ('Haven40@hotmail.com','2017-12-22 00:09:33.000');
INSERT INTO `users` (`email`,`created_at`) VALUES ('Heber40@gmail.com','2017-12-31 18:01:39.000');
INSERT INTO `users` (`email`,`created_at`) VALUES ('Heber_Toy@gmail.com','2017-08-29 06:07:16.000');
INSERT INTO `users` (`email`,`created_at`) VALUES ('Helena.Luettgen@yahoo.com','2017-12-16 11:20:06.000');
INSERT INTO `users` (`email`,`created_at`) VALUES ('Helena.Rohan92@gmail.com','2017-02-09 11:37:45.000');
INSERT INTO `users` (`email`,`created_at`) VALUES ('Hellen.Maggio@yahoo.com','2017-09-28 03:58:16.000');
INSERT INTO `users` (`email`,`created_at`) VALUES ('Helmer74@gmail.com','2017-10-28 01:12:36.000');
INSERT INTO `users` (`email`,`created_at`) VALUES ('Henriette_Willms@gmail.com','2017-04-29 22:55:00.000');
INSERT INTO `users` (`email`,`created_at`) VALUES ('Herminio_West@gmail.com','2017-03-10 08:25:49.000');
INSERT INTO `users` (`email`,`created_at`) VALUES ('Herta_Barton23@yahoo.com','2017-10-13 08:08:31.000');
INSERT INTO `users` (`email`,`created_at`) VALUES ('Hildegard_Hodkiewicz@hotmail.com','2017-02-22 18:08:03.000');
INSERT INTO `users` (`email`,`created_at`) VALUES ('Hilton42@gmail.com','2017-05-19 14:59:13.000');
INSERT INTO `users` (`email`,`created_at`) VALUES ('Hope.Roberts2@gmail.com','2017-07-30 04:14:45.000');
INSERT INTO `users` (`email`,`created_at`) VALUES ('Hortense77@yahoo.com','2017-04-10 19:11:12.000');
INSERT INTO `users` (`email`,`created_at`) VALUES ('Houston95@gmail.com','2017-08-23 12:55:51.000');
INSERT INTO `users` (`email`,`created_at`) VALUES ('Hoyt_Thiel@hotmail.com','2017-05-27 22:57:12.000');
INSERT INTO `users` (`email`,`created_at`) VALUES ('htethlaing@gmail.com','2018-02-01 05:58:38.000');
INSERT INTO `users` (`email`,`created_at`) VALUES ('Hubert.Lindgren@gmail.com','2017-03-16 03:35:46.000');
INSERT INTO `users` (`email`,`created_at`) VALUES ('Hulda.Cartwright@hotmail.com','2017-09-17 05:18:52.000');
INSERT INTO `users` (`email`,`created_at`) VALUES ('Humberto63@gmail.com','2017-11-14 07:13:54.000');
INSERT INTO `users` (`email`,`created_at`) VALUES ('Icie78@hotmail.com','2017-05-04 20:55:10.000');
INSERT INTO `users` (`email`,`created_at`) VALUES ('Ike.Leannon@gmail.com','2017-10-06 18:37:31.000');
INSERT INTO `users` (`email`,`created_at`) VALUES ('Ike.Lesch34@gmail.com','2017-06-21 02:15:08.000');
INSERT INTO `users` (`email`,`created_at`) VALUES ('Imelda_Boyer@hotmail.com','2017-08-02 00:23:18.000');
INSERT INTO `users` (`email`,`created_at`) VALUES ('Isabella_Larkin82@yahoo.com','2017-08-13 22:42:26.000');
INSERT INTO `users` (`email`,`created_at`) VALUES ('Isabella_Schmidt35@yahoo.com','2017-08-05 02:11:35.000');
INSERT INTO `users` (`email`,`created_at`) VALUES ('Isaias.Herzog18@gmail.com','2017-12-03 15:01:31.000');
INSERT INTO `users` (`email`,`created_at`) VALUES ('Ismael.Waters@yahoo.com','2017-09-21 10:05:42.000');
INSERT INTO `users` (`email`,`created_at`) VALUES ('Isobel_Beier@gmail.com','2017-03-02 04:35:31.000');
INSERT INTO `users` (`email`,`created_at`) VALUES ('Israel17@hotmail.com','2017-06-24 14:40:52.000');
INSERT INTO `users` (`email`,`created_at`) VALUES ('Issac73@hotmail.com','2017-07-14 17:43:06.000');
INSERT INTO `users` (`email`,`created_at`) VALUES ('Itzel51@hotmail.com','2017-04-28 19:23:41.000');
INSERT INTO `users` (`email`,`created_at`) VALUES ('Itzel85@hotmail.com','2017-02-17 10:59:30.000');
INSERT INTO `users` (`email`,`created_at`) VALUES ('Iva80@yahoo.com','2017-02-09 14:53:23.000');
INSERT INTO `users` (`email`,`created_at`) VALUES ('Ivory_Collier@yahoo.com','2017-02-21 22:48:01.000');
INSERT INTO `users` (`email`,`created_at`) VALUES ('Izabella_Crona21@hotmail.com','2017-04-22 23:53:05.000');
INSERT INTO `users` (`email`,`created_at`) VALUES ('Jacinthe.Kozey88@gmail.com','2017-12-15 07:27:59.000');
INSERT INTO `users` (`email`,`created_at`) VALUES ('Jackeline43@gmail.com','2017-02-18 12:17:52.000');
INSERT INTO `users` (`email`,`created_at`) VALUES ('Jackson87@gmail.com','2017-03-10 07:28:55.000');
INSERT INTO `users` (`email`,`created_at`) VALUES ('Jacky_Legros@gmail.com','2017-05-17 03:40:06.000');
INSERT INTO `users` (`email`,`created_at`) VALUES ('Jacynthe2@gmail.com','2017-04-25 18:34:11.000');
INSERT INTO `users` (`email`,`created_at`) VALUES ('Jada.Dach39@gmail.com','2017-12-28 02:37:48.000');
INSERT INTO `users` (`email`,`created_at`) VALUES ('Jaden.OKon43@hotmail.com','2017-12-20 19:48:23.000');
INSERT INTO `users` (`email`,`created_at`) VALUES ('Jadyn89@yahoo.com','2017-12-01 12:01:15.000');
INSERT INTO `users` (`email`,`created_at`) VALUES ('Jaeden_Ernser13@yahoo.com','2017-04-04 12:58:59.000');
INSERT INTO `users` (`email`,`created_at`) VALUES ('Jaida94@yahoo.com','2017-10-30 04:40:27.000');
INSERT INTO `users` (`email`,`created_at`) VALUES ('Jalen_Jakubowski@hotmail.com','2017-05-04 06:19:58.000');
INSERT INTO `users` (`email`,`created_at`) VALUES ('Jalen_Kutch@gmail.com','2017-02-10 04:13:42.000');
INSERT INTO `users` (`email`,`created_at`) VALUES ('Jalyn.Green@hotmail.com','2017-08-18 05:52:43.000');
INSERT INTO `users` (`email`,`created_at`) VALUES ('Jamel_Beier57@gmail.com','2017-04-19 05:55:56.000');
INSERT INTO `users` (`email`,`created_at`) VALUES ('Jamison.Emmerich@hotmail.com','2017-03-27 13:43:13.000');
INSERT INTO `users` (`email`,`created_at`) VALUES ('Jane48@gmail.com','2017-05-11 07:14:41.000');
INSERT INTO `users` (`email`,`created_at`) VALUES ('Janessa90@yahoo.com','2017-03-14 12:32:42.000');
INSERT INTO `users` (`email`,`created_at`) VALUES ('Janessa_Crist81@yahoo.com','2017-09-24 00:19:54.000');
INSERT INTO `users` (`email`,`created_at`) VALUES ('Janice.Wolff@hotmail.com','2017-09-21 00:31:03.000');
INSERT INTO `users` (`email`,`created_at`) VALUES ('Janie.Stehr44@yahoo.com','2017-11-16 17:39:26.000');
INSERT INTO `users` (`email`,`created_at`) VALUES ('Jaqueline_Harris@yahoo.com','2017-09-15 06:35:34.000');
INSERT INTO `users` (`email`,`created_at`) VALUES ('Jaquelin_Hickle37@hotmail.com','2017-04-24 02:05:08.000');
INSERT INTO `users` (`email`,`created_at`) VALUES ('Jared.Reilly4@yahoo.com','2017-12-24 16:30:00.000');
INSERT INTO `users` (`email`,`created_at`) VALUES ('Jaron_Kuphal34@hotmail.com','2017-03-29 08:56:31.000');
INSERT INTO `users` (`email`,`created_at`) VALUES ('Jasmin21@yahoo.com','2017-06-07 09:24:19.000');
INSERT INTO `users` (`email`,`created_at`) VALUES ('Jasmin55@gmail.com','2018-01-15 06:47:21.000');
INSERT INTO `users` (`email`,`created_at`) VALUES ('Jaunita41@hotmail.com','2017-07-30 07:47:40.000');
INSERT INTO `users` (`email`,`created_at`) VALUES ('Javon_Muller53@yahoo.com','2018-01-30 04:46:41.000');
INSERT INTO `users` (`email`,`created_at`) VALUES ('Jaycee.Lockman88@hotmail.com','2017-12-03 12:55:27.000');
INSERT INTO `users` (`email`,`created_at`) VALUES ('Jayda.Bailey@hotmail.com','2017-06-11 19:10:04.000');
INSERT INTO `users` (`email`,`created_at`) VALUES ('Jaylon76@gmail.com','2017-10-27 09:02:58.000');
INSERT INTO `users` (`email`,`created_at`) VALUES ('Jayme_Morissette24@gmail.com','2017-06-30 16:37:43.000');
INSERT INTO `users` (`email`,`created_at`) VALUES ('Jayne.Harber46@hotmail.com','2017-07-18 18:51:06.000');
INSERT INTO `users` (`email`,`created_at`) VALUES ('Jayne.Hilpert@gmail.com','2017-05-29 10:50:14.000');
INSERT INTO `users` (`email`,`created_at`) VALUES ('Jazmin62@yahoo.com','2017-02-12 21:31:11.000');
INSERT INTO `users` (`email`,`created_at`) VALUES ('Jazmin_Homenick@hotmail.com','2017-04-04 13:11:35.000');
INSERT INTO `users` (`email`,`created_at`) VALUES ('Jeanne.Huel92@gmail.com','2017-11-19 07:01:22.000');
INSERT INTO `users` (`email`,`created_at`) VALUES ('Jeanne85@hotmail.com','2017-10-19 13:58:01.000');
INSERT INTO `users` (`email`,`created_at`) VALUES ('Jed_Ryan82@yahoo.com','2017-10-26 13:35:11.000');
INSERT INTO `users` (`email`,`created_at`) VALUES ('Jeff.Schmitt69@hotmail.com','2017-06-07 09:56:53.000');
INSERT INTO `users` (`email`,`created_at`) VALUES ('Jefferey_Glover61@gmail.com','2018-01-18 13:48:22.000');
INSERT INTO `users` (`email`,`created_at`) VALUES ('Jennie_Fritsch84@yahoo.com','2017-03-07 18:28:43.000');
INSERT INTO `users` (`email`,`created_at`) VALUES ('Jennifer82@yahoo.com','2017-10-24 09:37:12.000');
INSERT INTO `users` (`email`,`created_at`) VALUES ('Jennyfer.Sauer@hotmail.com','2017-12-17 14:54:41.000');
INSERT INTO `users` (`email`,`created_at`) VALUES ('Jerald73@yahoo.com','2017-09-04 19:46:58.000');
INSERT INTO `users` (`email`,`created_at`) VALUES ('Jerald94@gmail.com','2017-09-20 13:18:25.000');
INSERT INTO `users` (`email`,`created_at`) VALUES ('Jerome11@hotmail.com','2017-08-27 12:33:41.000');
INSERT INTO `users` (`email`,`created_at`) VALUES ('Jessika.McDermott92@hotmail.com','2017-02-15 04:11:18.000');
INSERT INTO `users` (`email`,`created_at`) VALUES ('Jessy72@gmail.com','2018-01-16 06:36:42.000');
INSERT INTO `users` (`email`,`created_at`) VALUES ('Jesus70@yahoo.com','2017-11-24 07:54:31.000');
INSERT INTO `users` (`email`,`created_at`) VALUES ('Jewell_Funk@gmail.com','2017-03-14 06:19:16.000');
INSERT INTO `users` (`email`,`created_at`) VALUES ('Jimmy90@yahoo.com','2017-06-01 07:45:53.000');
INSERT INTO `users` (`email`,`created_at`) VALUES ('Jo.Waters18@yahoo.com','2017-06-15 10:36:30.000');
INSERT INTO `users` (`email`,`created_at`) VALUES ('Jo85@yahoo.com','2017-11-05 07:58:34.000');
INSERT INTO `users` (`email`,`created_at`) VALUES ('Jocelyn.Murphy95@hotmail.com','2017-07-24 11:23:54.000');
INSERT INTO `users` (`email`,`created_at`) VALUES ('Joesph_Hintz36@gmail.com','2017-08-06 17:59:14.000');
INSERT INTO `users` (`email`,`created_at`) VALUES ('Johanna.Quitzon20@yahoo.com','2017-03-21 09:28:11.000');
INSERT INTO `users` (`email`,`created_at`) VALUES ('John.Gleason31@hotmail.com','2018-01-15 01:54:24.000');
INSERT INTO `users` (`email`,`created_at`) VALUES ('Johnathon47@gmail.com','2017-05-25 08:53:29.000');
INSERT INTO `users` (`email`,`created_at`) VALUES ('Johnnie.Kutch50@yahoo.com','2017-06-08 08:09:50.000');
INSERT INTO `users` (`email`,`created_at`) VALUES ('Johnpaul_Nienow23@yahoo.com','2017-12-17 08:57:01.000');
INSERT INTO `users` (`email`,`created_at`) VALUES ('Joshuah45@gmail.com','2017-02-15 01:30:41.000');
INSERT INTO `users` (`email`,`created_at`) VALUES ('Joshuah_Schmeler@yahoo.com','2017-06-28 01:27:15.000');
INSERT INTO `users` (`email`,`created_at`) VALUES ('Josie48@hotmail.com','2017-05-20 21:44:06.000');
INSERT INTO `users` (`email`,`created_at`) VALUES ('Josie93@hotmail.com','2017-05-20 20:27:30.000');
INSERT INTO `users` (`email`,`created_at`) VALUES ('Josue70@gmail.com','2017-05-12 13:46:53.000');
INSERT INTO `users` (`email`,`created_at`) VALUES ('Jovani.Beahan@gmail.com','2017-05-19 01:02:48.000');
INSERT INTO `users` (`email`,`created_at`) VALUES ('Jovany91@hotmail.com','2017-05-17 00:09:06.000');
INSERT INTO `users` (`email`,`created_at`) VALUES ('Joyce_Upton@yahoo.com','2017-04-07 12:05:30.000');
INSERT INTO `users` (`email`,`created_at`) VALUES ('Judd50@gmail.com','2017-05-22 10:13:15.000');
INSERT INTO `users` (`email`,`created_at`) VALUES ('Julie.Hilpert75@gmail.com','2017-10-12 16:03:35.000');
INSERT INTO `users` (`email`,`created_at`) VALUES ('Juliet53@yahoo.com','2017-04-28 23:49:58.000');
INSERT INTO `users` (`email`,`created_at`) VALUES ('Julio15@yahoo.com','2017-04-16 00:30:05.000');
INSERT INTO `users` (`email`,`created_at`) VALUES ('Junior_Streich@gmail.com','2017-04-14 12:11:43.000');
INSERT INTO `users` (`email`,`created_at`) VALUES ('justgofuckyourself@fuck.com','2018-02-01 04:37:46.000');
INSERT INTO `users` (`email`,`created_at`) VALUES ('Justice13@hotmail.com','2017-08-14 13:11:52.000');
INSERT INTO `users` (`email`,`created_at`) VALUES ('Justice_Senger@hotmail.com','2018-01-09 14:28:21.000');
INSERT INTO `users` (`email`,`created_at`) VALUES ('Juwan73@hotmail.com','2017-10-04 20:26:21.000');
INSERT INTO `users` (`email`,`created_at`) VALUES ('Kaia81@hotmail.com','2017-02-23 19:40:15.000');
INSERT INTO `users` (`email`,`created_at`) VALUES ('Kaitlyn60@hotmail.com','2017-10-03 00:09:16.000');
INSERT INTO `users` (`email`,`created_at`) VALUES ('Kaitlyn_Ziemann67@hotmail.com','2017-09-09 22:30:21.000');
INSERT INTO `users` (`email`,`created_at`) VALUES ('Kaley.Barrows@yahoo.com','2018-01-16 20:02:16.000');
INSERT INTO `users` (`email`,`created_at`) VALUES ('Kallie_Deckow74@hotmail.com','2017-10-03 13:11:58.000');
INSERT INTO `users` (`email`,`created_at`) VALUES ('Kamren.Oberbrunner@gmail.com','2017-03-10 05:59:32.000');
INSERT INTO `users` (`email`,`created_at`) VALUES ('Kamryn.Thiel51@yahoo.com','2018-01-20 12:58:49.000');
INSERT INTO `users` (`email`,`created_at`) VALUES ('Kamryn89@gmail.com','2017-10-31 18:07:56.000');
INSERT INTO `users` (`email`,`created_at`) VALUES ('Kane.Kub90@yahoo.com','2018-01-14 11:25:01.000');
INSERT INTO `users` (`email`,`created_at`) VALUES ('Karina_Rempel41@hotmail.com','2017-07-16 14:24:08.000');
INSERT INTO `users` (`email`,`created_at`) VALUES ('Karley.Homenick@gmail.com','2017-06-16 00:55:22.000');
INSERT INTO `users` (`email`,`created_at`) VALUES ('Karley20@hotmail.com','2017-11-25 08:41:21.000');
INSERT INTO `users` (`email`,`created_at`) VALUES ('Karley76@yahoo.com','2017-07-21 21:02:14.000');
INSERT INTO `users` (`email`,`created_at`) VALUES ('Karlie50@gmail.com','2017-12-08 14:50:03.000');
INSERT INTO `users` (`email`,`created_at`) VALUES ('Karson_Kemmer30@yahoo.com','2017-06-04 20:34:24.000');
INSERT INTO `users` (`email`,`created_at`) VALUES ('Katarina.Tremblay@gmail.com','2017-02-22 04:40:33.000');
INSERT INTO `users` (`email`,`created_at`) VALUES ('Katelin_Harvey@yahoo.com','2018-01-02 22:32:25.000');
INSERT INTO `users` (`email`,`created_at`) VALUES ('Katharina.Terry76@hotmail.com','2017-12-15 19:10:49.000');
INSERT INTO `users` (`email`,`created_at`) VALUES ('Katlynn_Ondricka@hotmail.com','2017-03-03 11:12:31.000');
INSERT INTO `users` (`email`,`created_at`) VALUES ('Katrine.Hintz@gmail.com','2017-12-13 06:26:12.000');
INSERT INTO `users` (`email`,`created_at`) VALUES ('Katrine.Turner@gmail.com','2017-11-17 23:01:20.000');
INSERT INTO `users` (`email`,`created_at`) VALUES ('Kay1@yahoo.com','2017-12-20 07:14:52.000');
INSERT INTO `users` (`email`,`created_at`) VALUES ('Kaycee_Eichmann38@gmail.com','2017-10-23 18:01:02.000');
INSERT INTO `users` (`email`,`created_at`) VALUES ('Kaylah.DAmore68@gmail.com','2017-02-01 15:45:40.000');
INSERT INTO `users` (`email`,`created_at`) VALUES ('Kayley_Monahan25@hotmail.com','2017-04-29 21:30:34.000');
INSERT INTO `users` (`email`,`created_at`) VALUES ('Kaylin_Gleason@yahoo.com','2018-01-30 20:53:24.000');
INSERT INTO `users` (`email`,`created_at`) VALUES ('Keara99@yahoo.com','2017-09-20 11:16:03.000');
INSERT INTO `users` (`email`,`created_at`) VALUES ('Keegan.Hickle15@yahoo.com','2017-07-29 23:29:04.000');
INSERT INTO `users` (`email`,`created_at`) VALUES ('Keegan23@hotmail.com','2017-08-17 19:59:53.000');
INSERT INTO `users` (`email`,`created_at`) VALUES ('Kellen_Doyle5@gmail.com','2017-12-20 20:28:07.000');
INSERT INTO `users` (`email`,`created_at`) VALUES ('Kelley85@hotmail.com','2017-09-19 05:13:06.000');
INSERT INTO `users` (`email`,`created_at`) VALUES ('Kelsi_Emard@hotmail.com','2017-12-08 08:17:46.000');
INSERT INTO `users` (`email`,`created_at`) VALUES ('Kendrick26@gmail.com','2017-12-27 11:18:16.000');
INSERT INTO `users` (`email`,`created_at`) VALUES ('Kenna47@yahoo.com','2017-05-25 06:36:56.000');
INSERT INTO `users` (`email`,`created_at`) VALUES ('Kennith5@yahoo.com','2017-10-01 19:14:04.000');
INSERT INTO `users` (`email`,`created_at`) VALUES ('Keshaun77@hotmail.com','2017-06-04 10:38:41.000');
INSERT INTO `users` (`email`,`created_at`) VALUES ('Kevin20@hotmail.com','2017-04-04 20:51:43.000');
INSERT INTO `users` (`email`,`created_at`) VALUES ('Khalid_Rau@hotmail.com','2017-02-04 17:56:29.000');
INSERT INTO `users` (`email`,`created_at`) VALUES ('Kiarra_Price@gmail.com','2017-02-28 15:59:40.000');
INSERT INTO `users` (`email`,`created_at`) VALUES ('Kiarra_Rosenbaum@hotmail.com','2017-02-14 22:20:51.000');
INSERT INTO `users` (`email`,`created_at`) VALUES ('Kiley29@yahoo.com','2017-11-05 07:45:27.000');
INSERT INTO `users` (`email`,`created_at`) VALUES ('Kim_Wolf@hotmail.com','2017-11-06 09:57:49.000');
INSERT INTO `users` (`email`,`created_at`) VALUES ('Kolby.Witting1@yahoo.com','2017-03-18 04:54:46.000');
INSERT INTO `users` (`email`,`created_at`) VALUES ('Krista65@hotmail.com','2017-04-07 04:08:29.000');
INSERT INTO `users` (`email`,`created_at`) VALUES ('Kristian_Crooks@hotmail.com','2017-06-14 16:52:16.000');
INSERT INTO `users` (`email`,`created_at`) VALUES ('Kristoffer_Aufderhar30@yahoo.com','2017-03-10 02:08:12.000');
INSERT INTO `users` (`email`,`created_at`) VALUES ('Kristy_OKeefe43@gmail.com','2017-12-31 15:02:12.000');
INSERT INTO `users` (`email`,`created_at`) VALUES ('Kurtis.Feest@yahoo.com','2017-12-19 21:36:30.000');
INSERT INTO `users` (`email`,`created_at`) VALUES ('Kylee.Homenick5@gmail.com','2017-12-06 17:29:50.000');
INSERT INTO `users` (`email`,`created_at`) VALUES ('Kyle_Zulauf3@hotmail.com','2017-11-13 19:43:38.000');
INSERT INTO `users` (`email`,`created_at`) VALUES ('Kylie_Hirthe93@gmail.com','2017-02-18 05:06:32.000');
INSERT INTO `users` (`email`,`created_at`) VALUES ('Lacey59@gmail.com','2017-05-19 10:10:48.000');
INSERT INTO `users` (`email`,`created_at`) VALUES ('Lafayette.Nikolaus@gmail.com','2017-07-27 12:55:04.000');
INSERT INTO `users` (`email`,`created_at`) VALUES ('Lafayette_Kuvalis@hotmail.com','2017-07-02 21:34:28.000');
INSERT INTO `users` (`email`,`created_at`) VALUES ('Lambert55@yahoo.com','2018-01-25 03:43:18.000');
INSERT INTO `users` (`email`,`created_at`) VALUES ('Landen.Kuhn40@yahoo.com','2017-12-21 14:27:05.000');
INSERT INTO `users` (`email`,`created_at`) VALUES ('Landen.Lesch32@gmail.com','2017-11-01 20:08:39.000');
INSERT INTO `users` (`email`,`created_at`) VALUES ('Lauretta.Beatty48@yahoo.com','2017-06-01 01:12:43.000');
INSERT INTO `users` (`email`,`created_at`) VALUES ('Lauriane.Abbott73@gmail.com','2018-01-17 14:15:34.000');
INSERT INTO `users` (`email`,`created_at`) VALUES ('Laurianne.Jenkins76@gmail.com','2017-03-19 17:25:12.000');
INSERT INTO `users` (`email`,`created_at`) VALUES ('Laurine74@yahoo.com','2017-07-29 00:45:29.000');
INSERT INTO `users` (`email`,`created_at`) VALUES ('Lauryn.Schuster74@gmail.com','2017-08-04 14:00:15.000');
INSERT INTO `users` (`email`,`created_at`) VALUES ('Lauryn_Walker@hotmail.com','2017-09-28 17:53:12.000');
INSERT INTO `users` (`email`,`created_at`) VALUES ('Lavon78@hotmail.com','2017-12-26 02:46:12.000');
INSERT INTO `users` (`email`,`created_at`) VALUES ('Lee17@gmail.com','2017-02-21 23:30:44.000');
INSERT INTO `users` (`email`,`created_at`) VALUES ('Leilani74@yahoo.com','2017-04-12 15:59:12.000');
INSERT INTO `users` (`email`,`created_at`) VALUES ('Lelah.Kutch23@hotmail.com','2017-09-12 23:47:27.000');
INSERT INTO `users` (`email`,`created_at`) VALUES ('Lelia.Sanford92@yahoo.com','2017-07-26 09:42:50.000');
INSERT INTO `users` (`email`,`created_at`) VALUES ('Lempi4@yahoo.com','2018-01-12 03:59:44.000');
INSERT INTO `users` (`email`,`created_at`) VALUES ('Lenna.Altenwerth3@gmail.com','2017-11-12 15:36:52.000');
INSERT INTO `users` (`email`,`created_at`) VALUES ('Lennie.Beatty@gmail.com','2017-08-13 07:51:51.000');
INSERT INTO `users` (`email`,`created_at`) VALUES ('Lenora_Ferry64@hotmail.com','2017-03-06 18:24:01.000');
INSERT INTO `users` (`email`,`created_at`) VALUES ('Leonard79@gmail.com','2017-08-25 22:16:21.000');
INSERT INTO `users` (`email`,`created_at`) VALUES ('Lera_Jenkins@hotmail.com','2017-04-01 11:09:18.000');
INSERT INTO `users` (`email`,`created_at`) VALUES ('Lesley56@yahoo.com','2017-10-31 10:10:01.000');
INSERT INTO `users` (`email`,`created_at`) VALUES ('Leslie.Carroll50@yahoo.com','2017-06-09 00:04:24.000');
INSERT INTO `users` (`email`,`created_at`) VALUES ('Leslie17@yahoo.com','2017-02-03 00:03:12.000');
INSERT INTO `users` (`email`,`created_at`) VALUES ('Lester.Hegmann0@gmail.com','2017-07-05 13:03:23.000');
INSERT INTO `users` (`email`,`created_at`) VALUES ('Letha.Wyman65@yahoo.com','2017-12-14 06:03:59.000');
INSERT INTO `users` (`email`,`created_at`) VALUES ('Lew30@hotmail.com','2018-01-26 07:29:31.000');
INSERT INTO `users` (`email`,`created_at`) VALUES ('Lexie.Johnston@hotmail.com','2018-01-21 10:37:16.000');
INSERT INTO `users` (`email`,`created_at`) VALUES ('Lexus_Reinger63@yahoo.com','2017-08-29 02:44:00.000');
INSERT INTO `users` (`email`,`created_at`) VALUES ('Lilian5@gmail.com','2017-11-17 11:14:47.000');
INSERT INTO `users` (`email`,`created_at`) VALUES ('Lilliana.Schiller@yahoo.com','2017-04-18 05:39:48.000');
INSERT INTO `users` (`email`,`created_at`) VALUES ('Lillie_Ryan@gmail.com','2018-01-17 18:24:22.000');
INSERT INTO `users` (`email`,`created_at`) VALUES ('Linda13@hotmail.com','2017-07-02 02:01:36.000');
INSERT INTO `users` (`email`,`created_at`) VALUES ('Linda_Schinner@hotmail.com','2017-06-22 15:15:13.000');
INSERT INTO `users` (`email`,`created_at`) VALUES ('Linnea.Effertz8@hotmail.com','2018-01-05 03:23:04.000');
INSERT INTO `users` (`email`,`created_at`) VALUES ('Linnie.Shanahan@yahoo.com','2017-07-06 03:26:40.000');
INSERT INTO `users` (`email`,`created_at`) VALUES ('Lisette_Baumbach90@yahoo.com','2017-12-18 19:46:56.000');
INSERT INTO `users` (`email`,`created_at`) VALUES ('Lizzie.Gottlieb91@gmail.com','2017-03-23 18:57:20.000');
INSERT INTO `users` (`email`,`created_at`) VALUES ('Lizzie.Kertzmann56@hotmail.com','2017-03-29 11:45:31.000');
INSERT INTO `users` (`email`,`created_at`) VALUES ('Logan_Morar83@yahoo.com','2017-09-11 17:12:55.000');
INSERT INTO `users` (`email`,`created_at`) VALUES ('Lois.Schmitt45@gmail.com','2017-06-27 02:50:59.000');
INSERT INTO `users` (`email`,`created_at`) VALUES ('Lora_Fadel74@hotmail.com','2017-09-27 12:58:43.000');
INSERT INTO `users` (`email`,`created_at`) VALUES ('Lorine.Ziemann61@gmail.com','2017-04-14 04:43:09.000');
INSERT INTO `users` (`email`,`created_at`) VALUES ('Lorine_Rutherford@gmail.com','2017-12-08 00:50:38.000');
INSERT INTO `users` (`email`,`created_at`) VALUES ('Lorna36@gmail.com','2017-06-26 16:23:27.000');
INSERT INTO `users` (`email`,`created_at`) VALUES ('Louie1@yahoo.com','2017-04-24 10:12:05.000');
INSERT INTO `users` (`email`,`created_at`) VALUES ('Louie2@gmail.com','2017-10-30 07:33:04.000');
INSERT INTO `users` (`email`,`created_at`) VALUES ('lovingyoutoomuch@lovely.com','2018-02-01 06:01:54.000');
INSERT INTO `users` (`email`,`created_at`) VALUES ('Lowell20@yahoo.com','2017-08-23 11:08:03.000');
INSERT INTO `users` (`email`,`created_at`) VALUES ('Lucius.Windler13@yahoo.com','2017-12-14 14:47:25.000');
INSERT INTO `users` (`email`,`created_at`) VALUES ('Lue31@gmail.com','2017-08-21 02:48:22.000');
INSERT INTO `users` (`email`,`created_at`) VALUES ('Luella.OReilly@gmail.com','2017-08-02 14:38:35.000');
INSERT INTO `users` (`email`,`created_at`) VALUES ('Luis_Walsh@hotmail.com','2017-12-31 20:24:04.000');
INSERT INTO `users` (`email`,`created_at`) VALUES ('Luther60@hotmail.com','2017-03-02 19:51:23.000');
INSERT INTO `users` (`email`,`created_at`) VALUES ('Lyla.Nikolaus@hotmail.com','2017-07-17 01:55:40.000');
INSERT INTO `users` (`email`,`created_at`) VALUES ('Lyla.Pfannerstill@yahoo.com','2018-01-02 09:39:40.000');
INSERT INTO `users` (`email`,`created_at`) VALUES ('Lyla60@hotmail.com','2017-06-28 16:38:29.000');
INSERT INTO `users` (`email`,`created_at`) VALUES ('Lynn_Hermiston@gmail.com','2017-08-23 18:56:55.000');
INSERT INTO `users` (`email`,`created_at`) VALUES ('Mabel_Mertz@gmail.com','2017-08-22 03:13:27.000');
INSERT INTO `users` (`email`,`created_at`) VALUES ('Mable_Bruen97@yahoo.com','2017-12-08 19:13:54.000');
INSERT INTO `users` (`email`,`created_at`) VALUES ('Macey28@hotmail.com','2017-12-12 18:47:54.000');
INSERT INTO `users` (`email`,`created_at`) VALUES ('Macie70@gmail.com','2017-03-22 11:07:27.000');
INSERT INTO `users` (`email`,`created_at`) VALUES ('Maci_Reichert75@yahoo.com','2017-04-01 03:03:30.000');
INSERT INTO `users` (`email`,`created_at`) VALUES ('Madelynn.Hirthe@yahoo.com','2017-11-10 19:20:16.000');
INSERT INTO `users` (`email`,`created_at`) VALUES ('Madelynn19@gmail.com','2017-12-27 23:47:09.000');
INSERT INTO `users` (`email`,`created_at`) VALUES ('Madilyn.Considine4@yahoo.com','2017-02-16 06:01:40.000');
INSERT INTO `users` (`email`,`created_at`) VALUES ('Madilyn32@yahoo.com','2018-01-22 17:45:08.000');
INSERT INTO `users` (`email`,`created_at`) VALUES ('Madilyn_Baumbach78@hotmail.com','2017-08-13 16:16:45.000');
INSERT INTO `users` (`email`,`created_at`) VALUES ('Madison.Turcotte23@hotmail.com','2018-01-13 13:32:28.000');
INSERT INTO `users` (`email`,`created_at`) VALUES ('Mafalda80@hotmail.com','2017-01-31 19:48:36.000');
INSERT INTO `users` (`email`,`created_at`) VALUES ('Magali.Kertzmann65@hotmail.com','2017-05-10 04:14:17.000');
INSERT INTO `users` (`email`,`created_at`) VALUES ('Maiya21@hotmail.com','2017-06-11 02:54:37.000');
INSERT INTO `users` (`email`,`created_at`) VALUES ('Malinda_Ritchie@yahoo.com','2017-02-06 23:33:12.000');
INSERT INTO `users` (`email`,`created_at`) VALUES ('Malvina14@yahoo.com','2017-07-29 01:52:28.000');
INSERT INTO `users` (`email`,`created_at`) VALUES ('Manley_Hirthe53@gmail.com','2017-06-24 22:20:48.000');
INSERT INTO `users` (`email`,`created_at`) VALUES ('Mara34@yahoo.com','2017-08-25 22:18:08.000');
INSERT INTO `users` (`email`,`created_at`) VALUES ('Marcella.Pfeffer33@gmail.com','2017-08-24 15:31:20.000');
INSERT INTO `users` (`email`,`created_at`) VALUES ('Marcelle.Paucek@hotmail.com','2018-01-27 12:11:43.000');
INSERT INTO `users` (`email`,`created_at`) VALUES ('Marcus15@gmail.com','2017-10-30 03:37:50.000');
INSERT INTO `users` (`email`,`created_at`) VALUES ('Marc_Raynor@hotmail.com','2017-03-03 00:01:15.000');
INSERT INTO `users` (`email`,`created_at`) VALUES ('Margarete_Stroman58@yahoo.com','2017-02-03 13:40:59.000');
INSERT INTO `users` (`email`,`created_at`) VALUES ('Margarett_Kertzmann76@hotmail.com','2017-09-19 00:55:18.000');
INSERT INTO `users` (`email`,`created_at`) VALUES ('Margarita_Hilll@hotmail.com','2017-03-31 05:01:24.000');
INSERT INTO `users` (`email`,`created_at`) VALUES ('Marge.Langosh@yahoo.com','2017-11-08 03:27:22.000');
INSERT INTO `users` (`email`,`created_at`) VALUES ('Margot17@yahoo.com','2017-06-30 05:08:38.000');
INSERT INTO `users` (`email`,`created_at`) VALUES ('Margret.Trantow@yahoo.com','2017-12-25 00:22:30.000');
INSERT INTO `users` (`email`,`created_at`) VALUES ('Mariam.Legros@hotmail.com','2017-02-23 20:28:23.000');
INSERT INTO `users` (`email`,`created_at`) VALUES ('Mariano.Gorczany9@gmail.com','2017-12-02 13:44:12.000');
INSERT INTO `users` (`email`,`created_at`) VALUES ('Mariano_Wuckert30@gmail.com','2017-08-20 05:38:58.000');
INSERT INTO `users` (`email`,`created_at`) VALUES ('Marielle.Rutherford30@gmail.com','2018-01-06 15:38:38.000');
INSERT INTO `users` (`email`,`created_at`) VALUES ('Marietta_Hagenes11@gmail.com','2018-01-10 07:21:42.000');
INSERT INTO `users` (`email`,`created_at`) VALUES ('Marie_Parisian@yahoo.com','2017-06-05 15:32:35.000');
INSERT INTO `users` (`email`,`created_at`) VALUES ('Marilou_Mohr@gmail.com','2017-09-16 10:44:31.000');
INSERT INTO `users` (`email`,`created_at`) VALUES ('Marina8@yahoo.com','2017-05-04 16:16:31.000');
INSERT INTO `users` (`email`,`created_at`) VALUES ('Mario_Kohler83@yahoo.com','2017-10-07 13:20:14.000');
INSERT INTO `users` (`email`,`created_at`) VALUES ('Marques.Conroy93@gmail.com','2017-09-16 11:53:43.000');
INSERT INTO `users` (`email`,`created_at`) VALUES ('Marques.Hilll34@hotmail.com','2017-12-30 09:18:24.000');
INSERT INTO `users` (`email`,`created_at`) VALUES ('Marques.Monahan54@gmail.com','2017-12-01 16:10:57.000');
INSERT INTO `users` (`email`,`created_at`) VALUES ('Marquise.Kozey25@hotmail.com','2017-07-21 23:04:23.000');
INSERT INTO `users` (`email`,`created_at`) VALUES ('Martine.Jakubowski23@yahoo.com','2017-11-20 02:41:17.000');
INSERT INTO `users` (`email`,`created_at`) VALUES ('Marty45@gmail.com','2017-06-12 08:46:01.000');
INSERT INTO `users` (`email`,`created_at`) VALUES ('Mary45@hotmail.com','2017-12-04 09:22:57.000');
INSERT INTO `users` (`email`,`created_at`) VALUES ('Maryam.Waelchi96@gmail.com','2017-06-20 13:48:35.000');
INSERT INTO `users` (`email`,`created_at`) VALUES ('Maryam_Gottlieb11@hotmail.com','2017-12-15 10:48:47.000');
INSERT INTO `users` (`email`,`created_at`) VALUES ('Maryse.Parisian@hotmail.com','2017-07-24 18:16:29.000');
INSERT INTO `users` (`email`,`created_at`) VALUES ('Maryse_Lemke@hotmail.com','2017-08-20 08:37:08.000');
INSERT INTO `users` (`email`,`created_at`) VALUES ('Mathias.Johns@hotmail.com','2017-12-30 06:22:17.000');
INSERT INTO `users` (`email`,`created_at`) VALUES ('Mathias_Mayert27@yahoo.com','2017-04-03 02:59:02.000');
INSERT INTO `users` (`email`,`created_at`) VALUES ('Mathilde_Hauck@gmail.com','2017-07-19 19:04:28.000');
INSERT INTO `users` (`email`,`created_at`) VALUES ('Matilde.Schulist27@yahoo.com','2017-10-22 04:48:39.000');
INSERT INTO `users` (`email`,`created_at`) VALUES ('Matteo.Green@yahoo.com','2017-12-14 11:42:14.000');
INSERT INTO `users` (`email`,`created_at`) VALUES ('Mattie.Ledner@hotmail.com','2017-02-11 07:44:10.000');
INSERT INTO `users` (`email`,`created_at`) VALUES ('Maud_Lindgren@hotmail.com','2017-11-14 00:59:33.000');
INSERT INTO `users` (`email`,`created_at`) VALUES ('Maurice29@gmail.com','2017-02-27 03:48:03.000');
INSERT INTO `users` (`email`,`created_at`) VALUES ('Maurine.Simonis96@hotmail.com','2017-05-16 17:49:42.000');
INSERT INTO `users` (`email`,`created_at`) VALUES ('Maverick.Turner@gmail.com','2017-11-01 00:52:31.000');
INSERT INTO `users` (`email`,`created_at`) VALUES ('Maximillia71@gmail.com','2017-08-20 02:54:48.000');
INSERT INTO `users` (`email`,`created_at`) VALUES ('Maximillian47@yahoo.com','2017-11-30 21:02:23.000');
INSERT INTO `users` (`email`,`created_at`) VALUES ('Maximillian75@gmail.com','2017-07-10 07:15:40.000');
INSERT INTO `users` (`email`,`created_at`) VALUES ('Maximo68@hotmail.com','2017-09-29 11:48:58.000');
INSERT INTO `users` (`email`,`created_at`) VALUES ('Maxwell_Klein@gmail.com','2017-12-16 16:14:57.000');
INSERT INTO `users` (`email`,`created_at`) VALUES ('Max_Lesch@gmail.com','2017-10-29 01:00:39.000');
INSERT INTO `users` (`email`,`created_at`) VALUES ('Maybelle22@hotmail.com','2017-11-21 13:29:32.000');
INSERT INTO `users` (`email`,`created_at`) VALUES ('Mayra.Boyle65@hotmail.com','2017-04-23 17:23:31.000');
INSERT INTO `users` (`email`,`created_at`) VALUES ('Mazie_Koss@hotmail.com','2017-06-25 14:57:13.000');
INSERT INTO `users` (`email`,`created_at`) VALUES ('Mckayla_Beahan47@gmail.com','2017-10-15 00:31:07.000');
INSERT INTO `users` (`email`,`created_at`) VALUES ('Mckenna.Frami4@yahoo.com','2017-07-28 06:26:43.000');
INSERT INTO `users` (`email`,`created_at`) VALUES ('Mckenna.Witting19@hotmail.com','2017-04-16 11:38:30.000');
INSERT INTO `users` (`email`,`created_at`) VALUES ('Meda48@hotmail.com','2017-02-14 06:37:31.000');
INSERT INTO `users` (`email`,`created_at`) VALUES ('Meda_Ryan47@gmail.com','2017-02-03 00:39:47.000');
INSERT INTO `users` (`email`,`created_at`) VALUES ('Mekhi81@hotmail.com','2017-09-12 00:49:05.000');
INSERT INTO `users` (`email`,`created_at`) VALUES ('Melisa26@gmail.com','2017-07-14 01:13:51.000');
INSERT INTO `users` (`email`,`created_at`) VALUES ('Melvina.Gulgowski@gmail.com','2017-10-27 07:04:36.000');
INSERT INTO `users` (`email`,`created_at`) VALUES ('Melvina45@yahoo.com','2017-04-15 06:43:48.000');
INSERT INTO `users` (`email`,`created_at`) VALUES ('Melvina_Jenkins@gmail.com','2017-12-28 16:25:12.000');
INSERT INTO `users` (`email`,`created_at`) VALUES ('Merl.Weissnat90@hotmail.com','2017-08-22 03:51:56.000');
INSERT INTO `users` (`email`,`created_at`) VALUES ('Michaela_Waelchi67@gmail.com','2017-04-27 23:39:31.000');
INSERT INTO `users` (`email`,`created_at`) VALUES ('Mikel30@gmail.com','2017-03-05 06:41:05.000');
INSERT INTO `users` (`email`,`created_at`) VALUES ('Milford63@hotmail.com','2017-11-20 21:45:48.000');
INSERT INTO `users` (`email`,`created_at`) VALUES ('Miller.McClure43@yahoo.com','2017-07-31 14:11:16.000');
INSERT INTO `users` (`email`,`created_at`) VALUES ('Milo.Kutch0@hotmail.com','2017-07-26 01:18:21.000');
INSERT INTO `users` (`email`,`created_at`) VALUES ('mkerew@gmail.com','2018-02-26 07:22:02.000');
INSERT INTO `users` (`email`,`created_at`) VALUES ('Mohammed_Mann33@gmail.com','2017-07-13 02:29:24.000');
INSERT INTO `users` (`email`,`created_at`) VALUES ('Mollie_Stokes@hotmail.com','2017-04-01 14:54:44.000');
INSERT INTO `users` (`email`,`created_at`) VALUES ('Molly.Dicki20@gmail.com','2017-11-27 00:55:12.000');
INSERT INTO `users` (`email`,`created_at`) VALUES ('Molly12@hotmail.com','2017-12-28 02:49:57.000');
INSERT INTO `users` (`email`,`created_at`) VALUES ('Monica_Stark1@yahoo.com','2017-02-12 07:11:58.000');
INSERT INTO `users` (`email`,`created_at`) VALUES ('Monique.Koepp@gmail.com','2017-02-09 00:07:56.000');
INSERT INTO `users` (`email`,`created_at`) VALUES ('Monserrat.Sauer0@hotmail.com','2017-08-15 09:50:08.000');
INSERT INTO `users` (`email`,`created_at`) VALUES ('Monserrat94@yahoo.com','2017-10-21 02:12:27.000');
INSERT INTO `users` (`email`,`created_at`) VALUES ('Monty45@gmail.com','2017-02-10 00:06:34.000');
INSERT INTO `users` (`email`,`created_at`) VALUES ('Morgan57@yahoo.com','2017-08-19 03:01:23.000');
INSERT INTO `users` (`email`,`created_at`) VALUES ('Moriah.Kuhlman@hotmail.com','2017-05-01 18:19:34.000');
INSERT INTO `users` (`email`,`created_at`) VALUES ('Moriah39@gmail.com','2017-02-04 12:09:43.000');
INSERT INTO `users` (`email`,`created_at`) VALUES ('Mortimer86@gmail.com','2017-10-31 09:31:06.000');
INSERT INTO `users` (`email`,`created_at`) VALUES ('Muhammad70@hotmail.com','2017-11-29 20:14:04.000');
INSERT INTO `users` (`email`,`created_at`) VALUES ('Muriel50@yahoo.com','2017-06-08 04:32:07.000');
INSERT INTO `users` (`email`,`created_at`) VALUES ('Murphy.Mraz@yahoo.com','2017-11-20 00:50:18.000');
INSERT INTO `users` (`email`,`created_at`) VALUES ('myat','2018-02-01 05:57:58.000');
INSERT INTO `users` (`email`,`created_at`) VALUES ('myatkaung24@gmail.com','2018-02-01 05:58:06.000');
INSERT INTO `users` (`email`,`created_at`) VALUES ('Myron_OConnell@gmail.com','2017-11-28 08:40:03.000');
INSERT INTO `users` (`email`,`created_at`) VALUES ('Myrtice79@hotmail.com','2017-08-28 04:25:33.000');
INSERT INTO `users` (`email`,`created_at`) VALUES ('Myrtice_Towne92@yahoo.com','2017-10-11 09:35:21.000');
INSERT INTO `users` (`email`,`created_at`) VALUES ('Nakia_Lowe@hotmail.com','2017-03-16 20:03:30.000');
INSERT INTO `users` (`email`,`created_at`) VALUES ('Naomi_Huel@yahoo.com','2017-08-21 17:37:23.000');
INSERT INTO `users` (`email`,`created_at`) VALUES ('Natalia.Monahan@yahoo.com','2017-10-29 22:40:51.000');
INSERT INTO `users` (`email`,`created_at`) VALUES ('Natalia_Altenwerth@gmail.com','2017-10-11 14:49:17.000');
INSERT INTO `users` (`email`,`created_at`) VALUES ('Natasha.Greenfelder40@gmail.com','2017-09-24 03:20:03.000');
INSERT INTO `users` (`email`,`created_at`) VALUES ('Nathanael.Eichmann13@yahoo.com','2017-05-30 12:00:19.000');
INSERT INTO `users` (`email`,`created_at`) VALUES ('Neal13@hotmail.com','2017-07-28 23:18:13.000');
INSERT INTO `users` (`email`,`created_at`) VALUES ('Neal17@gmail.com','2018-01-19 13:47:35.000');
INSERT INTO `users` (`email`,`created_at`) VALUES ('Nelda53@gmail.com','2018-01-10 11:19:01.000');
INSERT INTO `users` (`email`,`created_at`) VALUES ('Nelle.Corkery98@yahoo.com','2017-11-12 16:37:14.000');
INSERT INTO `users` (`email`,`created_at`) VALUES ('Nellie_Kuhic@yahoo.com','2017-07-24 22:36:07.000');
INSERT INTO `users` (`email`,`created_at`) VALUES ('Neoma32@hotmail.com','2017-04-27 10:08:37.000');
INSERT INTO `users` (`email`,`created_at`) VALUES ('Nettie.Price89@gmail.com','2017-06-04 16:37:09.000');
INSERT INTO `users` (`email`,`created_at`) VALUES ('Nettie.Stiedemann@gmail.com','2017-03-04 19:58:27.000');
INSERT INTO `users` (`email`,`created_at`) VALUES ('Nichole_Conroy55@yahoo.com','2017-10-01 00:38:58.000');
INSERT INTO `users` (`email`,`created_at`) VALUES ('Nick19@gmail.com','2017-12-28 22:57:16.000');
INSERT INTO `users` (`email`,`created_at`) VALUES ('Nicole8@yahoo.com','2017-12-28 12:27:43.000');
INSERT INTO `users` (`email`,`created_at`) VALUES ('Nikita.Yundt@yahoo.com','2017-11-17 10:53:56.000');
INSERT INTO `users` (`email`,`created_at`) VALUES ('Nils_Borer70@hotmail.com','2017-12-10 21:46:30.000');
INSERT INTO `users` (`email`,`created_at`) VALUES ('Noel_Johns@hotmail.com','2017-08-19 21:53:11.000');
INSERT INTO `users` (`email`,`created_at`) VALUES ('Noel_Koch13@gmail.com','2017-12-14 09:40:16.000');
INSERT INTO `users` (`email`,`created_at`) VALUES ('Noemie.Hamill81@yahoo.com','2017-09-28 01:29:53.000');
INSERT INTO `users` (`email`,`created_at`) VALUES ('Noemy64@hotmail.com','2017-10-08 17:29:19.000');
INSERT INTO `users` (`email`,`created_at`) VALUES ('Nola7@yahoo.com','2017-03-06 22:33:16.000');
INSERT INTO `users` (`email`,`created_at`) VALUES ('Nora90@hotmail.com','2017-09-03 09:17:20.000');
INSERT INTO `users` (`email`,`created_at`) VALUES ('Norberto12@yahoo.com','2017-05-31 07:51:42.000');
INSERT INTO `users` (`email`,`created_at`) VALUES ('Norene.Schamberger@yahoo.com','2017-08-01 13:17:11.000');
INSERT INTO `users` (`email`,`created_at`) VALUES ('Norene_Rice85@gmail.com','2017-05-23 02:43:21.000');
INSERT INTO `users` (`email`,`created_at`) VALUES ('Norma.Crooks85@yahoo.com','2018-01-29 12:21:30.000');
INSERT INTO `users` (`email`,`created_at`) VALUES ('Norris_Koch53@yahoo.com','2017-07-09 18:00:17.000');
INSERT INTO `users` (`email`,`created_at`) VALUES ('Norval.Feil70@gmail.com','2017-08-28 20:27:25.000');
INSERT INTO `users` (`email`,`created_at`) VALUES ('Norwood.McKenzie28@hotmail.com','2017-09-14 09:06:03.000');
INSERT INTO `users` (`email`,`created_at`) VALUES ('Norwood.Vandervort20@hotmail.com','2017-08-31 11:24:10.000');
INSERT INTO `users` (`email`,`created_at`) VALUES ('Nova_Marks@hotmail.com','2017-11-18 21:37:34.000');
INSERT INTO `users` (`email`,`created_at`) VALUES ('Omari_Mueller@gmail.com','2017-05-13 02:47:06.000');
INSERT INTO `users` (`email`,`created_at`) VALUES ('Ophelia.Considine@hotmail.com','2017-11-23 00:41:38.000');
INSERT INTO `users` (`email`,`created_at`) VALUES ('Oran_Homenick97@gmail.com','2018-01-27 20:26:40.000');
INSERT INTO `users` (`email`,`created_at`) VALUES ('Orland.Kautzer49@yahoo.com','2017-05-13 13:48:24.000');
INSERT INTO `users` (`email`,`created_at`) VALUES ('Orrin95@gmail.com','2017-04-09 20:55:26.000');
INSERT INTO `users` (`email`,`created_at`) VALUES ('Orval84@hotmail.com','2017-11-13 20:16:41.000');
INSERT INTO `users` (`email`,`created_at`) VALUES ('Ova_Rau54@yahoo.com','2017-06-13 12:09:17.000');
INSERT INTO `users` (`email`,`created_at`) VALUES ('Owen_Anderson@yahoo.com','2017-05-06 02:47:04.000');
INSERT INTO `users` (`email`,`created_at`) VALUES ('Paige.Haag@yahoo.com','2017-07-03 00:53:24.000');
INSERT INTO `users` (`email`,`created_at`) VALUES ('Palma32@hotmail.com','2017-11-21 16:48:15.000');
INSERT INTO `users` (`email`,`created_at`) VALUES ('Pamela75@hotmail.com','2017-07-16 08:17:12.000');
INSERT INTO `users` (`email`,`created_at`) VALUES ('Pascale62@gmail.com','2018-01-18 07:44:06.000');
INSERT INTO `users` (`email`,`created_at`) VALUES ('Pasquale21@yahoo.com','2017-06-27 12:58:06.000');
INSERT INTO `users` (`email`,`created_at`) VALUES ('Patsy58@gmail.com','2017-10-06 02:36:45.000');
INSERT INTO `users` (`email`,`created_at`) VALUES ('Patsy83@hotmail.com','2017-06-02 07:57:02.000');
INSERT INTO `users` (`email`,`created_at`) VALUES ('Patsy_Ullrich83@yahoo.com','2017-04-20 23:27:13.000');
INSERT INTO `users` (`email`,`created_at`) VALUES ('Peggie.Huel@yahoo.com','2017-12-20 22:52:28.000');
INSERT INTO `users` (`email`,`created_at`) VALUES ('Penelope.Dickens98@hotmail.com','2017-03-30 21:31:58.000');
INSERT INTO `users` (`email`,`created_at`) VALUES ('Percival66@gmail.com','2017-04-07 07:02:35.000');
INSERT INTO `users` (`email`,`created_at`) VALUES ('Pete.Rogahn@yahoo.com','2018-01-01 07:06:46.000');
INSERT INTO `users` (`email`,`created_at`) VALUES ('Peyton35@gmail.com','2017-09-09 04:04:50.000');
INSERT INTO `users` (`email`,`created_at`) VALUES ('Philip_Hand@gmail.com','2017-08-07 21:08:18.000');
INSERT INTO `users` (`email`,`created_at`) VALUES ('Phoebe59@yahoo.com','2017-10-24 12:25:17.000');
INSERT INTO `users` (`email`,`created_at`) VALUES ('Phoebe67@gmail.com','2017-09-22 00:06:48.000');
INSERT INTO `users` (`email`,`created_at`) VALUES ('Pierce.Graham18@hotmail.com','2017-12-11 18:55:49.000');
INSERT INTO `users` (`email`,`created_at`) VALUES ('Pierce68@hotmail.com','2017-05-30 23:35:07.000');
INSERT INTO `users` (`email`,`created_at`) VALUES ('Pierre.McCullough@gmail.com','2017-04-24 03:01:22.000');
INSERT INTO `users` (`email`,`created_at`) VALUES ('Pink.Mante@yahoo.com','2017-11-27 13:22:50.000');
INSERT INTO `users` (`email`,`created_at`) VALUES ('Polly.VonRueden@yahoo.com','2017-03-16 02:02:05.000');
INSERT INTO `users` (`email`,`created_at`) VALUES ('Porter_Raynor90@gmail.com','2017-10-03 18:28:14.000');
INSERT INTO `users` (`email`,`created_at`) VALUES ('Precious.Kulas@hotmail.com','2017-04-05 18:06:57.000');
INSERT INTO `users` (`email`,`created_at`) VALUES ('Preston23@gmail.com','2017-05-09 16:48:23.000');
INSERT INTO `users` (`email`,`created_at`) VALUES ('Price.McGlynn54@gmail.com','2017-11-14 09:31:40.000');
INSERT INTO `users` (`email`,`created_at`) VALUES ('Priscilla_Denesik1@yahoo.com','2017-06-11 10:33:55.000');
INSERT INTO `users` (`email`,`created_at`) VALUES ('Providenci8@hotmail.com','2018-01-20 10:39:12.000');
INSERT INTO `users` (`email`,`created_at`) VALUES ('Quentin_Auer13@hotmail.com','2017-03-29 16:12:16.000');
INSERT INTO `users` (`email`,`created_at`) VALUES ('Quinton62@hotmail.com','2017-12-18 01:00:24.000');
INSERT INTO `users` (`email`,`created_at`) VALUES ('Quinton_Muller@yahoo.com','2017-05-08 01:07:20.000');
INSERT INTO `users` (`email`,`created_at`) VALUES ('Rachael_Ankunding@hotmail.com','2017-12-24 21:39:02.000');
INSERT INTO `users` (`email`,`created_at`) VALUES ('Raheem42@gmail.com','2017-05-03 03:27:00.000');
INSERT INTO `users` (`email`,`created_at`) VALUES ('Rahsaan.Blick52@gmail.com','2017-05-20 06:06:30.000');
INSERT INTO `users` (`email`,`created_at`) VALUES ('Ralph.Hermann50@yahoo.com','2017-09-07 16:33:44.000');
INSERT INTO `users` (`email`,`created_at`) VALUES ('Ramona_Wilkinson9@hotmail.com','2017-06-18 17:11:13.000');
INSERT INTO `users` (`email`,`created_at`) VALUES ('Randi_Heidenreich15@hotmail.com','2017-11-02 10:42:14.000');
INSERT INTO `users` (`email`,`created_at`) VALUES ('Randy_Aufderhar40@gmail.com','2017-06-24 08:07:58.000');
INSERT INTO `users` (`email`,`created_at`) VALUES ('Raoul33@gmail.com','2017-08-17 20:03:50.000');
INSERT INTO `users` (`email`,`created_at`) VALUES ('Raphael28@yahoo.com','2017-07-19 03:14:30.000');
INSERT INTO `users` (`email`,`created_at`) VALUES ('Rashawn.Monahan@gmail.com','2017-06-14 06:47:09.000');
INSERT INTO `users` (`email`,`created_at`) VALUES ('Raymundo_Terry@gmail.com','2017-04-17 13:05:03.000');
INSERT INTO `users` (`email`,`created_at`) VALUES ('Rebeca_Macejkovic26@gmail.com','2017-06-12 02:50:46.000');
INSERT INTO `users` (`email`,`created_at`) VALUES ('Rebeka81@yahoo.com','2017-11-30 15:21:57.000');
INSERT INTO `users` (`email`,`created_at`) VALUES ('Reece34@hotmail.com','2017-07-08 07:23:41.000');
INSERT INTO `users` (`email`,`created_at`) VALUES ('Remington_Gibson3@hotmail.com','2017-12-29 21:15:21.000');
INSERT INTO `users` (`email`,`created_at`) VALUES ('Renee17@gmail.com','2017-05-31 08:47:15.000');
INSERT INTO `users` (`email`,`created_at`) VALUES ('Retta.Parker65@gmail.com','2018-01-17 20:08:04.000');
INSERT INTO `users` (`email`,`created_at`) VALUES ('Rex.Sawayn60@yahoo.com','2017-07-07 21:17:57.000');
INSERT INTO `users` (`email`,`created_at`) VALUES ('Rhea.Kohler7@hotmail.com','2017-12-29 10:19:33.000');
INSERT INTO `users` (`email`,`created_at`) VALUES ('Rhiannon19@gmail.com','2017-05-06 19:31:14.000');
INSERT INTO `users` (`email`,`created_at`) VALUES ('Rhoda_Satterfield@gmail.com','2017-05-29 03:05:29.000');
INSERT INTO `users` (`email`,`created_at`) VALUES ('Richard66@hotmail.com','2017-09-04 06:20:25.000');
INSERT INTO `users` (`email`,`created_at`) VALUES ('Rick_Koelpin@gmail.com','2017-02-07 06:16:09.000');
INSERT INTO `users` (`email`,`created_at`) VALUES ('River.Leuschke35@hotmail.com','2017-03-16 12:22:34.000');
INSERT INTO `users` (`email`,`created_at`) VALUES ('Robin_Carroll16@gmail.com','2017-10-07 21:56:21.000');
INSERT INTO `users` (`email`,`created_at`) VALUES ('Robin_Dach35@yahoo.com','2017-02-22 16:51:20.000');
INSERT INTO `users` (`email`,`created_at`) VALUES ('Rocky.Cummings34@gmail.com','2017-06-29 07:28:35.000');
INSERT INTO `users` (`email`,`created_at`) VALUES ('Rocky_Schaefer30@yahoo.com','2017-04-17 17:13:44.000');
INSERT INTO `users` (`email`,`created_at`) VALUES ('Rodrick_Hessel72@yahoo.com','2017-06-25 11:45:18.000');
INSERT INTO `users` (`email`,`created_at`) VALUES ('Rogelio42@gmail.com','2017-04-05 19:20:18.000');
INSERT INTO `users` (`email`,`created_at`) VALUES ('Rogers_Christiansen18@yahoo.com','2017-05-16 09:47:30.000');
INSERT INTO `users` (`email`,`created_at`) VALUES ('Rosalia_Anderson6@gmail.com','2017-08-23 08:39:07.000');
INSERT INTO `users` (`email`,`created_at`) VALUES ('Rosanna.Brakus85@hotmail.com','2017-02-09 10:00:43.000');
INSERT INTO `users` (`email`,`created_at`) VALUES ('Rosa_Kunde84@gmail.com','2017-06-24 05:53:45.000');
INSERT INTO `users` (`email`,`created_at`) VALUES ('Roselyn.Sauer@hotmail.com','2017-04-20 13:26:05.000');
INSERT INTO `users` (`email`,`created_at`) VALUES ('Rosemarie22@hotmail.com','2017-05-02 18:21:58.000');
INSERT INTO `users` (`email`,`created_at`) VALUES ('Rose_Williamson@hotmail.com','2017-07-27 06:31:03.000');
INSERT INTO `users` (`email`,`created_at`) VALUES ('Rossie_Schneider14@gmail.com','2017-12-21 01:09:30.000');
INSERT INTO `users` (`email`,`created_at`) VALUES ('Rowan80@yahoo.com','2017-02-24 18:11:23.000');
INSERT INTO `users` (`email`,`created_at`) VALUES ('Rowena_Goyette@hotmail.com','2018-01-22 11:34:14.000');
INSERT INTO `users` (`email`,`created_at`) VALUES ('Roxane38@gmail.com','2017-02-12 20:38:40.000');
INSERT INTO `users` (`email`,`created_at`) VALUES ('Royal.Schmidt@hotmail.com','2017-12-03 19:36:56.000');
INSERT INTO `users` (`email`,`created_at`) VALUES ('Royal93@hotmail.com','2017-03-03 04:56:02.000');
INSERT INTO `users` (`email`,`created_at`) VALUES ('Royal_Connelly5@hotmail.com','2017-12-15 18:52:06.000');
INSERT INTO `users` (`email`,`created_at`) VALUES ('Rozella_Schinner8@gmail.com','2017-11-13 14:01:54.000');
INSERT INTO `users` (`email`,`created_at`) VALUES ('Ruben33@gmail.com','2017-11-01 16:52:15.000');
INSERT INTO `users` (`email`,`created_at`) VALUES ('Rubie.Jakubowski52@yahoo.com','2017-10-01 20:14:10.000');
INSERT INTO `users` (`email`,`created_at`) VALUES ('Rudy.Corkery71@hotmail.com','2017-07-08 07:09:22.000');
INSERT INTO `users` (`email`,`created_at`) VALUES ('Ruthie.Legros@gmail.com','2017-04-23 23:54:32.000');
INSERT INTO `users` (`email`,`created_at`) VALUES ('Ryan.Monahan@gmail.com','2017-05-05 20:03:05.000');
INSERT INTO `users` (`email`,`created_at`) VALUES ('Ryann_Schulist@hotmail.com','2017-09-25 12:04:25.000');
INSERT INTO `users` (`email`,`created_at`) VALUES ('Samantha.Lockman@yahoo.com','2017-10-25 03:31:48.000');
INSERT INTO `users` (`email`,`created_at`) VALUES ('Samir31@yahoo.com','2017-08-22 00:43:28.000');
INSERT INTO `users` (`email`,`created_at`) VALUES ('Sammie_Rohan79@yahoo.com','2017-11-11 10:25:08.000');
INSERT INTO `users` (`email`,`created_at`) VALUES ('Samson3@yahoo.com','2017-07-26 05:17:46.000');
INSERT INTO `users` (`email`,`created_at`) VALUES ('Sanford80@hotmail.com','2017-04-03 16:30:43.000');
INSERT INTO `users` (`email`,`created_at`) VALUES ('Santiago48@hotmail.com','2017-03-12 21:03:18.000');
INSERT INTO `users` (`email`,`created_at`) VALUES ('Santina.Haag68@gmail.com','2017-07-26 14:51:06.000');
INSERT INTO `users` (`email`,`created_at`) VALUES ('Sarah.Cartwright@hotmail.com','2017-03-16 10:11:08.000');
INSERT INTO `users` (`email`,`created_at`) VALUES ('Sarah_Padberg@gmail.com','2017-06-06 03:21:00.000');
INSERT INTO `users` (`email`,`created_at`) VALUES ('Sasha_Herman98@yahoo.com','2017-07-28 09:30:14.000');
INSERT INTO `users` (`email`,`created_at`) VALUES ('Savanah67@hotmail.com','2017-04-28 05:24:04.000');
INSERT INTO `users` (`email`,`created_at`) VALUES ('Scarlett28@hotmail.com','2017-06-07 01:57:44.000');
INSERT INTO `users` (`email`,`created_at`) VALUES ('Schuyler.Langosh38@hotmail.com','2017-03-27 06:40:09.000');
INSERT INTO `users` (`email`,`created_at`) VALUES ('Sebastian_Langworth38@gmail.com','2017-09-26 23:41:58.000');
INSERT INTO `users` (`email`,`created_at`) VALUES ('Selina.Reichert@yahoo.com','2017-07-05 02:41:32.000');
INSERT INTO `users` (`email`,`created_at`) VALUES ('Selmer7@gmail.com','2017-06-13 00:35:48.000');
INSERT INTO `users` (`email`,`created_at`) VALUES ('Serenity.Schumm@hotmail.com','2018-01-13 09:51:00.000');
INSERT INTO `users` (`email`,`created_at`) VALUES ('Shane.Ritchie@gmail.com','2017-04-04 12:49:42.000');
INSERT INTO `users` (`email`,`created_at`) VALUES ('Shanie.Erdman@hotmail.com','2017-07-27 07:55:28.000');
INSERT INTO `users` (`email`,`created_at`) VALUES ('Shanie.Purdy@gmail.com','2017-03-02 11:43:19.000');
INSERT INTO `users` (`email`,`created_at`) VALUES ('Shanon.Smith@gmail.com','2018-01-15 06:17:27.000');
INSERT INTO `users` (`email`,`created_at`) VALUES ('Shanon31@yahoo.com','2017-08-12 05:48:32.000');
INSERT INTO `users` (`email`,`created_at`) VALUES ('Shany.Pfannerstill@yahoo.com','2017-04-27 17:23:07.000');
INSERT INTO `users` (`email`,`created_at`) VALUES ('Shany61@hotmail.com','2017-08-16 02:41:50.000');
INSERT INTO `users` (`email`,`created_at`) VALUES ('Sharon92@hotmail.com','2017-12-05 11:47:20.000');
INSERT INTO `users` (`email`,`created_at`) VALUES ('Shawna45@yahoo.com','2017-05-30 20:10:34.000');
INSERT INTO `users` (`email`,`created_at`) VALUES ('Sidney_Raynor@gmail.com','2017-04-11 19:40:45.000');
INSERT INTO `users` (`email`,`created_at`) VALUES ('Sienna.Legros@yahoo.com','2017-02-02 23:55:57.000');
INSERT INTO `users` (`email`,`created_at`) VALUES ('Sienna_West96@hotmail.com','2017-03-17 14:18:41.000');
INSERT INTO `users` (`email`,`created_at`) VALUES ('Sigrid61@hotmail.com','2017-04-18 22:44:53.000');
INSERT INTO `users` (`email`,`created_at`) VALUES ('Sigurd_Rogahn83@yahoo.com','2017-10-05 00:25:59.000');
INSERT INTO `users` (`email`,`created_at`) VALUES ('Silas_Lehner@yahoo.com','2017-03-08 08:16:58.000');
INSERT INTO `users` (`email`,`created_at`) VALUES ('Sister_Lind40@yahoo.com','2017-10-14 23:29:06.000');
INSERT INTO `users` (`email`,`created_at`) VALUES ('Sister_Ullrich@yahoo.com','2017-06-26 14:44:31.000');
INSERT INTO `users` (`email`,`created_at`) VALUES ('Skye.Green75@gmail.com','2017-04-01 21:15:51.000');
INSERT INTO `users` (`email`,`created_at`) VALUES ('Skye67@yahoo.com','2017-10-06 14:02:24.000');
INSERT INTO `users` (`email`,`created_at`) VALUES ('Sonia.Block@yahoo.com','2017-05-23 07:31:21.000');
INSERT INTO `users` (`email`,`created_at`) VALUES ('Stacy_Dare32@gmail.com','2017-11-24 00:01:12.000');
INSERT INTO `users` (`email`,`created_at`) VALUES ('Stanley14@gmail.com','2018-01-26 02:36:29.000');
INSERT INTO `users` (`email`,`created_at`) VALUES ('Stanley55@gmail.com','2017-09-23 10:57:04.000');
INSERT INTO `users` (`email`,`created_at`) VALUES ('Stephanie.Rutherford47@yahoo.com','2017-04-28 14:27:33.000');
INSERT INTO `users` (`email`,`created_at`) VALUES ('Stephany.Sauer@gmail.com','2017-03-05 12:06:20.000');
INSERT INTO `users` (`email`,`created_at`) VALUES ('Stephon52@yahoo.com','2017-10-13 16:14:23.000');
INSERT INTO `users` (`email`,`created_at`) VALUES ('Stephon63@yahoo.com','2017-07-20 13:36:57.000');
INSERT INTO `users` (`email`,`created_at`) VALUES ('Sterling_Purdy59@hotmail.com','2017-06-30 09:06:33.000');
INSERT INTO `users` (`email`,`created_at`) VALUES ('Steve.Wilderman@hotmail.com','2017-10-28 10:36:17.000');
INSERT INTO `users` (`email`,`created_at`) VALUES ('Stevie_Yost@hotmail.com','2018-01-09 10:28:38.000');
INSERT INTO `users` (`email`,`created_at`) VALUES ('Stone9@hotmail.com','2017-04-17 19:48:41.000');
INSERT INTO `users` (`email`,`created_at`) VALUES ('Susan.Bruen@yahoo.com','2017-11-22 13:38:53.000');
INSERT INTO `users` (`email`,`created_at`) VALUES ('Susana78@yahoo.com','2017-10-21 11:39:55.000');
INSERT INTO `users` (`email`,`created_at`) VALUES ('Susie58@gmail.com','2017-04-16 07:12:58.000');
INSERT INTO `users` (`email`,`created_at`) VALUES ('Sydnee_Breitenberg@gmail.com','2017-12-17 02:58:14.000');
INSERT INTO `users` (`email`,`created_at`) VALUES ('Tad.Bernhard@gmail.com','2017-08-25 12:20:11.000');
INSERT INTO `users` (`email`,`created_at`) VALUES ('Tanner.Runolfsson@yahoo.com','2017-10-30 16:40:13.000');
INSERT INTO `users` (`email`,`created_at`) VALUES ('Tavares.Jacobson@yahoo.com','2017-12-20 11:55:57.000');
INSERT INTO `users` (`email`,`created_at`) VALUES ('Taya73@hotmail.com','2017-07-16 15:15:35.000');
INSERT INTO `users` (`email`,`created_at`) VALUES ('Thalia_Dibbert@hotmail.com','2017-05-18 21:43:06.000');
INSERT INTO `users` (`email`,`created_at`) VALUES ('Thea35@gmail.com','2017-10-31 11:54:34.000');
INSERT INTO `users` (`email`,`created_at`) VALUES ('Theodora53@yahoo.com','2017-08-28 00:15:16.000');
INSERT INTO `users` (`email`,`created_at`) VALUES ('Theodora_Gorczany77@gmail.com','2017-08-02 22:50:42.000');
INSERT INTO `users` (`email`,`created_at`) VALUES ('Theodore.Larson73@hotmail.com','2017-08-01 10:39:41.000');
INSERT INTO `users` (`email`,`created_at`) VALUES ('Theodore.Lowe@yahoo.com','2017-03-18 16:21:55.000');
INSERT INTO `users` (`email`,`created_at`) VALUES ('Therese10@hotmail.com','2017-12-20 09:17:04.000');
INSERT INTO `users` (`email`,`created_at`) VALUES ('Theresia3@yahoo.com','2017-08-20 19:01:45.000');
INSERT INTO `users` (`email`,`created_at`) VALUES ('Theresia_Trantow32@hotmail.com','2017-04-17 19:08:48.000');
INSERT INTO `users` (`email`,`created_at`) VALUES ('Thomas_Schultz85@gmail.com','2017-04-20 12:19:38.000');
INSERT INTO `users` (`email`,`created_at`) VALUES ('Thora15@gmail.com','2017-05-07 04:46:22.000');
INSERT INTO `users` (`email`,`created_at`) VALUES ('Thora95@hotmail.com','2018-01-12 17:31:59.000');
INSERT INTO `users` (`email`,`created_at`) VALUES ('Tillman.Schultz@gmail.com','2017-07-11 03:49:40.000');
INSERT INTO `users` (`email`,`created_at`) VALUES ('Timothy_Kuhlman98@yahoo.com','2017-03-26 18:46:29.000');
INSERT INTO `users` (`email`,`created_at`) VALUES ('Titus44@yahoo.com','2017-10-08 14:27:58.000');
INSERT INTO `users` (`email`,`created_at`) VALUES ('Tomas.Lubowitz71@gmail.com','2017-10-26 22:57:46.000');
INSERT INTO `users` (`email`,`created_at`) VALUES ('Tomasa.Stehr@gmail.com','2018-01-06 13:21:45.000');
INSERT INTO `users` (`email`,`created_at`) VALUES ('Tomas_Ferry88@gmail.com','2017-06-07 18:18:44.000');
INSERT INTO `users` (`email`,`created_at`) VALUES ('Travis_Hermiston@yahoo.com','2017-06-03 04:30:05.000');
INSERT INTO `users` (`email`,`created_at`) VALUES ('Tre.Ferry33@gmail.com','2017-10-13 18:12:54.000');
INSERT INTO `users` (`email`,`created_at`) VALUES ('Trent.Toy@gmail.com','2017-10-22 20:36:52.000');
INSERT INTO `users` (`email`,`created_at`) VALUES ('Trenton55@gmail.com','2017-10-13 02:39:42.000');
INSERT INTO `users` (`email`,`created_at`) VALUES ('Tressie_Effertz@gmail.com','2017-07-21 22:59:54.000');
INSERT INTO `users` (`email`,`created_at`) VALUES ('Treva54@gmail.com','2017-11-08 14:32:37.000');
INSERT INTO `users` (`email`,`created_at`) VALUES ('Trisha.Carter17@hotmail.com','2017-11-04 03:56:29.000');
INSERT INTO `users` (`email`,`created_at`) VALUES ('Tristian22@hotmail.com','2018-01-06 15:09:44.000');
INSERT INTO `users` (`email`,`created_at`) VALUES ('Tristian68@yahoo.com','2017-10-09 07:06:11.000');
INSERT INTO `users` (`email`,`created_at`) VALUES ('Troy_Ruecker49@hotmail.com','2017-06-25 08:17:33.000');
INSERT INTO `users` (`email`,`created_at`) VALUES ('Twila59@yahoo.com','2017-12-01 14:07:35.000');
INSERT INTO `users` (`email`,`created_at`) VALUES ('Tyra.Rippin@yahoo.com','2017-09-08 22:51:31.000');
INSERT INTO `users` (`email`,`created_at`) VALUES ('Tyrel.Nicolas@yahoo.com','2017-11-04 10:58:02.000');
INSERT INTO `users` (`email`,`created_at`) VALUES ('Ulices15@gmail.com','2017-02-26 08:48:30.000');
INSERT INTO `users` (`email`,`created_at`) VALUES ('Ulises.Collins38@hotmail.com','2017-12-13 15:06:40.000');
INSERT INTO `users` (`email`,`created_at`) VALUES ('Ulises.Dickens85@hotmail.com','2017-02-08 17:03:02.000');
INSERT INTO `users` (`email`,`created_at`) VALUES ('Ulises.Welch@hotmail.com','2017-06-11 09:16:15.000');
INSERT INTO `users` (`email`,`created_at`) VALUES ('Unique82@hotmail.com','2017-03-11 17:15:18.000');
INSERT INTO `users` (`email`,`created_at`) VALUES ('Uriah.Larkin@gmail.com','2017-02-09 03:33:27.000');
INSERT INTO `users` (`email`,`created_at`) VALUES ('Uriel_Blick@gmail.com','2017-03-17 00:55:21.000');
INSERT INTO `users` (`email`,`created_at`) VALUES ('Vada3@hotmail.com','2017-04-19 13:09:24.000');
INSERT INTO `users` (`email`,`created_at`) VALUES ('Valentine89@gmail.com','2017-02-25 04:23:57.000');
INSERT INTO `users` (`email`,`created_at`) VALUES ('Vaughn_Larson80@gmail.com','2017-12-12 22:15:44.000');
INSERT INTO `users` (`email`,`created_at`) VALUES ('Vaughn_Veum@hotmail.com','2017-10-21 21:22:36.000');
INSERT INTO `users` (`email`,`created_at`) VALUES ('Vella_McKenzie@yahoo.com','2017-09-28 07:18:39.000');
INSERT INTO `users` (`email`,`created_at`) VALUES ('Velma.Krajcik@gmail.com','2017-03-22 09:17:14.000');
INSERT INTO `users` (`email`,`created_at`) VALUES ('Vergie.Koelpin@hotmail.com','2017-05-27 04:36:56.000');
INSERT INTO `users` (`email`,`created_at`) VALUES ('Verla11@yahoo.com','2017-07-24 10:10:47.000');
INSERT INTO `users` (`email`,`created_at`) VALUES ('Verla_Heller@hotmail.com','2017-08-05 12:53:41.000');
INSERT INTO `users` (`email`,`created_at`) VALUES ('Verna42@yahoo.com','2017-10-09 03:26:47.000');
INSERT INTO `users` (`email`,`created_at`) VALUES ('Vernon.Reinger@hotmail.com','2017-12-10 09:34:26.000');
INSERT INTO `users` (`email`,`created_at`) VALUES ('Verona.Becker93@yahoo.com','2017-09-12 19:00:57.000');
INSERT INTO `users` (`email`,`created_at`) VALUES ('Verona94@yahoo.com','2017-05-29 07:02:46.000');
INSERT INTO `users` (`email`,`created_at`) VALUES ('Vicente10@yahoo.com','2017-05-17 17:58:17.000');
INSERT INTO `users` (`email`,`created_at`) VALUES ('Vida76@yahoo.com','2017-06-25 23:52:29.000');
INSERT INTO `users` (`email`,`created_at`) VALUES ('Vidal.Fritsch31@yahoo.com','2017-02-09 11:02:58.000');
INSERT INTO `users` (`email`,`created_at`) VALUES ('Vincenzo_Wolff72@yahoo.com','2017-08-07 08:59:07.000');
INSERT INTO `users` (`email`,`created_at`) VALUES ('Viola9@yahoo.com','2017-07-11 12:31:14.000');
INSERT INTO `users` (`email`,`created_at`) VALUES ('Viola_Ruecker41@hotmail.com','2018-01-02 17:16:32.000');
INSERT INTO `users` (`email`,`created_at`) VALUES ('Virgil_Ratke@yahoo.com','2017-07-26 21:17:11.000');
INSERT INTO `users` (`email`,`created_at`) VALUES ('Virginia.Runte@gmail.com','2017-09-06 14:04:25.000');
INSERT INTO `users` (`email`,`created_at`) VALUES ('Virginia_Pfannerstill@gmail.com','2017-09-12 02:40:13.000');
INSERT INTO `users` (`email`,`created_at`) VALUES ('Vivienne77@gmail.com','2017-07-08 05:59:29.000');
INSERT INTO `users` (`email`,`created_at`) VALUES ('Wade42@hotmail.com','2017-10-27 11:47:41.000');
INSERT INTO `users` (`email`,`created_at`) VALUES ('Walker.Paucek88@gmail.com','2018-01-28 11:36:22.000');
INSERT INTO `users` (`email`,`created_at`) VALUES ('Warren26@yahoo.com','2017-08-26 19:28:27.000');
INSERT INTO `users` (`email`,`created_at`) VALUES ('Wellington_Wyman@yahoo.com','2017-09-30 15:26:46.000');
INSERT INTO `users` (`email`,`created_at`) VALUES ('Wendy_Koepp@gmail.com','2017-04-09 20:21:19.000');
INSERT INTO `users` (`email`,`created_at`) VALUES ('Westley27@yahoo.com','2017-07-03 11:06:40.000');
INSERT INTO `users` (`email`,`created_at`) VALUES ('Wilbert.Blick88@yahoo.com','2017-07-24 04:50:19.000');
INSERT INTO `users` (`email`,`created_at`) VALUES ('Willard4@gmail.com','2017-11-05 09:22:58.000');
INSERT INTO `users` (`email`,`created_at`) VALUES ('William.Cormier@yahoo.com','2017-12-12 03:42:16.000');
INSERT INTO `users` (`email`,`created_at`) VALUES ('William.Koepp53@gmail.com','2017-11-15 20:04:37.000');
INSERT INTO `users` (`email`,`created_at`) VALUES ('Willie.Terry@hotmail.com','2017-06-27 20:59:04.000');
INSERT INTO `users` (`email`,`created_at`) VALUES ('Winnifred_McKenzie@gmail.com','2017-05-10 04:15:21.000');
INSERT INTO `users` (`email`,`created_at`) VALUES ('Winona28@yahoo.com','2017-08-21 04:54:40.000');
INSERT INTO `users` (`email`,`created_at`) VALUES ('Winston.Huels@hotmail.com','2017-10-01 10:15:01.000');
INSERT INTO `users` (`email`,`created_at`) VALUES ('Woodrow.Gerlach@hotmail.com','2018-01-26 02:22:17.000');
INSERT INTO `users` (`email`,`created_at`) VALUES ('Woodrow_Haag71@gmail.com','2017-11-24 07:32:18.000');
INSERT INTO `users` (`email`,`created_at`) VALUES ('Xander68@yahoo.com','2017-08-22 09:24:57.000');
INSERT INTO `users` (`email`,`created_at`) VALUES ('Xander_Kohler@yahoo.com','2017-06-09 17:04:48.000');
INSERT INTO `users` (`email`,`created_at`) VALUES ('Yazmin67@yahoo.com','2017-07-02 19:11:38.000');
INSERT INTO `users` (`email`,`created_at`) VALUES ('Yazmin_Nienow65@yahoo.com','2017-12-04 14:20:20.000');
INSERT INTO `users` (`email`,`created_at`) VALUES ('Zakary_Boyle15@hotmail.com','2018-01-12 18:12:15.000');
INSERT INTO `users` (`email`,`created_at`) VALUES ('Zaria_Robel@gmail.com','2017-02-23 02:15:02.000');
INSERT INTO `users` (`email`,`created_at`) VALUES ('Zoey.Bogan@hotmail.com','2017-03-11 06:15:41.000');
